id,name,status,species,type,gender
1,Rick Sanchez,Alive,Human,,Male
2,Morty Smith,Alive,Human,,Male
3,Summer Smith,Alive,Human,,Female
4,Beth Smith,Alive,Human,,Female
5,Jerry Smith,Alive,Human,,Male
6,Abadango Cluster Princess,Alive,Alien,,Female
7,Abradolf Lincler,unknown,Human,Genetic experiment,Male
8,Adjudicator Rick,Dead,Human,,Male
9,Agency Director,Dead,Human,,Male
10,Alan Rails,Dead,Human,Superhuman (Ghost trains summoner),Male
11,Albert Einstein,Dead,Human,,Male
12,Alexander,Dead,Human,,Male
13,Alien Googah,unknown,Alien,,unknown
14,Alien Morty,unknown,Alien,,Male
15,Alien Rick,unknown,Alien,,Male
16,Amish Cyborg,Dead,Alien,"Parasite, Cyborg",Male
17,Annie,Alive,Human,,Female
18,Antenna Morty,Alive,Human,Human with antennae,Male
19,Antenna Rick,unknown,Human,Human with antennae,Male
20,Ants in my Eyes Johnson,unknown,Human,Human with ants in his eyes,Male
21,Aqua Morty,unknown,Humanoid,Fish-Person,Male
22,Aqua Rick,unknown,Humanoid,Fish-Person,Male
23,Arcade Alien,unknown,Alien,,Male
24,Armagheadon,Alive,Alien,Cromulon,Male
25,Armothy,Dead,unknown,Self-aware arm,Male
26,Arthricia,Alive,Alien,Cat-Person,Female
27,Artist Morty,Alive,Human,,Male
28,Attila Starwar,Alive,Human,,Male
29,Baby Legs,Alive,Human,Human with baby legs,Male
30,Baby Poopybutthole,Alive,Poopybutthole,,Male
31,Baby Wizard,Dead,Alien,Parasite,Male
32,Bearded Lady,Dead,Alien,Parasite,Female
33,Beebo,Dead,Alien,,Male
34,Benjamin,Alive,Poopybutthole,,Male
35,Bepisian,Alive,Alien,Bepisian,unknown
36,Beta-Seven,Alive,Alien,Hivemind,unknown
37,Beth Sanchez,Alive,Human,,Female
38,Beth Smith,Alive,Human,,Female
39,Beth Smith,Alive,Human,,Female
40,Beth's Mytholog,Dead,Mytholog,,Female
41,Big Boobed Waitress,Alive,Humanoid,,Female
42,Big Head Morty,unknown,Human,Human with giant head,Male
43,Big Morty,Dead,Human,,Male
44,Body Guard Morty,Dead,Human,,Male
45,Bill,Alive,Human,,Male
46,Bill,unknown,Animal,Dog,Male
47,Birdperson,Dead,Alien,Bird-Person,Male
48,Black Rick,Alive,Human,,Male
49,Blamph,Alive,Alien,,unknown
50,Blim Blam,Alive,Alien,Korblock,Male
51,Blue Diplomat,Alive,Alien,,Male
52,Blue Footprint Guy,Dead,Human,,Male
53,Blue Shirt Morty,unknown,Human,,Male
54,Bobby Moynihan,Alive,Human,,Male
55,Boobloosian,Dead,Alien,Boobloosian,unknown
56,Bootleg Portal Chemist Rick,Dead,Human,,Male
57,Borpocian,Alive,Alien,Elephant-Person,Male
58,Brad,Alive,Human,,Male
59,Brad Anderson,Dead,Human,,Male
60,Calypso,Dead,Human,Superhuman,Female
61,Campaign Manager Morty,Dead,Human,,Male
62,Canklanker Thom,Dead,Alien,Gromflomite,Male
63,Centaur,Alive,Humanoid,Centaur,Male
64,Chris,Dead,Alien,Organic gun,unknown
65,Chris,Alive,Humanoid,Microverse inhabitant,Male
66,Coach Feratu (Balik Alistane),Dead,Vampire,,Male
67,Collector,Alive,Alien,Light bulb-Alien,Male
68,Colossus,Dead,Human,,Male
69,Commander Rick,Dead,Human,,Male
70,Concerto,Dead,Humanoid,,Male
71,Conroy,Dead,Robot,,unknown
72,Cool Rick,Alive,Human,,Male
73,Cop Morty,Dead,Human,,Male
74,Cop Rick,Alive,Human,,Male
75,Courier Flap,Alive,Alien,,unknown
76,Cousin Nicky,Dead,Alien,Parasite,Male
77,Cowboy Morty,Alive,Human,,Male
78,Cowboy Rick,Alive,Human,,Male
79,Crab Spider,Alive,Alien,Animal,unknown
80,Creepy Little Girl,Alive,Human,,Female
81,Crocubot,Dead,Humanoid,Robot-Crocodile hybrid,Male
82,Cronenberg Rick,unknown,Cronenberg,,Male
83,Cronenberg Morty,unknown,Cronenberg,,Male
84,Cult Leader Morty,Alive,Human,,Male
85,Cyclops Morty,Alive,Humanoid,,Male
86,Cyclops Rick,Dead,Humanoid,,Male
87,Cynthia,Dead,Alien,Zigerion,Female
88,Cynthia,Alive,Human,,Female
89,Dale,Dead,Humanoid,Giant,Male
90,Daron Jefferson,Alive,Alien,Cone-nippled alien,Male
91,David Letterman,Alive,Human,,Male
92,Davin,Dead,Human,,Male
93,Diablo Verde,Dead,Humanoid,Demon,Male
94,Diane Sanchez,unknown,Human,,Female
95,Dipper and Mabel Mortys,unknown,Human,,unknown
96,Tuberculosis,Dead,Disease,,unknown
97,Gonorrhea,Dead,Disease,,unknown
98,Hepatitis A,Dead,Disease,,unknown
99,Hepatitis C,Dead,Disease,,unknown
100,Bubonic Plague,Dead,Disease,,unknown
101,E. Coli,Dead,Disease,,unknown
102,Donna Gueterman,Dead,Robot,,Female
103,Doofus Rick,unknown,Human,,Male
104,Doom-Nomitron,Dead,Alien,Shapeshifter,unknown
105,Dr. Glip-Glop,Dead,Alien,,Male
106,Dr. Schmidt,unknown,Human,Game,Male
107,Dr. Wong,Alive,Human,,Female
108,Dr. Xenon Bloom,Dead,Humanoid,Amoeba-Person,Male
109,Duck With Muscles,Dead,Parasite,Alien,Male
110,Eli,Alive,Human,,Male
111,Eli's Girlfriend,Alive,Human,,Female
112,Eric McMan,Alive,Human,,Male
113,Eric Stoltz Mask Morty,unknown,Human,,Male
114,Ethan,unknown,Human,Cronenberg,Male
115,Ethan,Alive,Human,,Male
116,Evil Beth Clone,Dead,Human,Clone,Female
117,Evil Jerry Clone,Dead,Human,Clone,Male
118,Evil Morty,Alive,Human,,Male
119,Evil Rick,Dead,Humanoid,Robot,Male
120,Evil Summer Clone,Dead,Human,Clone,Female
121,Eyehole Man,Alive,Alien,,Male
122,Fart,Dead,Alien,Interdimensional gaseous being,Male
123,Fat Morty,Alive,Human,,Male
124,Father Bob,Alive,Human,,Male
125,Flansian,Alive,Alien,Flansian,unknown
126,Fleeb,unknown,Alien,,unknown
127,Frank Palicky,Dead,Human,,Male
128,Frankenstein's Monster,Dead,Alien,Parasite,Male
129,Fulgora,Alive,Human,,Female
130,Galactic Federation President,Dead,Alien,Gromflomite,Male
131,Gar Gloonch,Dead,Alien,Zombodian,Male
132,Gar's Mytholog,Dead,Mytholog,,Male
133,Garblovian,Alive,Alien,Garblovian,Male
134,Garmanarnar,Alive,Alien,,Male
135,Garment District Rick,Dead,Human,,Male
136,Gazorpazorpfield,Alive,Alien,Gazorpian,Male
137,Gene,Alive,Human,,Male
138,General Nathan,Dead,Human,,Male
139,General Store Owner,Dead,Alien,Cat-Person,Male
140,Genital Washer,Alive,Human,,Male
141,Ghost in a Jar,Dead,Alien,"Parasite, Ghost",Genderless
142,Gibble Snake,Dead,Alien,Animal,unknown
143,Glasses Morty,Alive,Human,,Male
144,Glenn,Dead,Alien,Gromflomite,Male
145,Glenn,Alive,Human,Eat shiter-Person,Male
146,Glexo Slim Slom,Alive,Alien,,Male
147,Gobo,Dead,Alien,,Male
148,Goddess Beth,unknown,Mytholog,,Female
149,Gordon Lunas,Dead,Human,,Male
150,Cornvelious Daniel,Dead,Alien,Gromflomite,Male
151,Gwendolyn,unknown,Robot,Gazorpian reproduction robot,Female
152,Hammerhead Morty,unknown,Humanoid,Hammerhead-Person,Male
153,Hamster In Butt,Alive,Animal,,unknown
154,Hamurai,Dead,Alien,Parasite,Male
155,Harold,Alive,Cronenberg,,Male
156,Hemorrhage,Alive,Human,,Male
157,Hole in the Wall Where the Men Can See it All,unknown,unknown,Hole,Genderless
158,Hookah Alien,Alive,Alien,Tuskfish,unknown
159,Hunter,Dead,Human,Clone,Male
160,Hunter's Father,Alive,Human,,Male
161,Hydrogen-F,Alive,Alien,Alphabetrian,Female
162,Ice-T,Alive,Alien,Alphabetrian,Male
163,Ideal Jerry,Dead,Mytholog,,Male
164,Insurance Rick,unknown,Human,,Male
165,Investigator Rick,Dead,Human,,Male
166,Invisi-trooper,Alive,Human,,Male
167,Izzy,Alive,Animal,Cat,unknown
168,Jackie,Alive,Alien,Gazorpian,Female
169,Jacob,Alive,Human,,Male
170,Jacqueline,Alive,Human,,Female
171,Jaguar,Alive,Human,,Male
172,Jamey,Alive,Human,,Male
173,Jan-Michael Vincent,Alive,Human,,Male
174,Jerry 5-126,Alive,Human,,Male
175,Jerry Smith,Alive,Human,,Male
176,Celebrity Jerry,Alive,Human,,Male
177,Jerry Smith,Alive,Human,,Male
178,Jerry's Mytholog,Dead,Mytholog,,Male
179,Jessica,Alive,Cronenberg,,Female
180,Jessica,Alive,Human,,Female
181,Jessica's Friend,Alive,Human,,Female
182,Jim,Alive,Human,,Male
183,Johnny Depp,Alive,Human,,Male
184,Jon,Alive,Alien,Gazorpian,Male
185,Joseph Eli Lipkip,Alive,Human,,Male
186,Joyce Smith,Alive,Human,,Female
187,Juggling Rick,unknown,Human,,Male
188,Karen Entity,Alive,Alien,Unknown-nippled alien,Female
189,Katarina,Dead,Human,,Female
190,Keara,Alive,Alien,Krootabulan,Female
191,Kevin,Dead,Alien,Zigerion,Male
192,King Flippy Nips,Alive,Alien,Plutonian,Male
193,King Jellybean,Dead,Alien,Jellybean,Male
194,Kozbian,Alive,Alien,Tentacle alien,unknown
195,Kristen Stewart,Alive,Human,,Female
196,Krombopulos Michael,Dead,Alien,Gromflomite,Male
197,Kyle,Dead,Humanoid,Miniverse inhabitant,Male
198,Lady Katana,Dead,Humanoid,Cyborg,Female
199,Larva Alien,Alive,Alien,Larva alien,unknown
200,Lawyer Morty,unknown,Human,,Male
201,Leonard Smith,Alive,Human,,Male
202,Lighthouse Keeper,Dead,Alien,Cat-Person,Male
203,Lil B,Dead,Alien,Snail alien,Male
204,Lisa,Dead,Alien,,Female
205,Little Dipper,Alive,Humanoid,Tinymouth,Male
206,Lizard Morty,Alive,Humanoid,Lizard-Person,Male
207,Loggins,Alive,Alien,Alligator-Person,Male
208,Logic,Alive,Human,,Male
209,Long Sleeved Morty,unknown,Human,,Male
210,Lucy,Dead,Human,,Female
211,Ma-Sha,Alive,Alien,Gazorpian,Female
212,Magma-Q,Dead,Alien,Alphabetrian,Male
213,Magnesium-J,Alive,Alien,Alphabetrian,Male
214,Man Painted Silver Who Makes Robot Noises,Alive,Human,,Male
215,Maximums Rickimus,Dead,Human,,Male
216,MC Haps,Alive,Human,,Male
217,Mechanical Morty,Dead,Robot,,Male
218,Mechanical Rick,unknown,Robot,,Male
219,Mechanical Summer,unknown,Robot,,Female
220,Mega Fruit Farmer Rick,Alive,Human,,Male
221,Melissa,Alive,Humanoid,Monster,Female
222,Michael Denny and the Denny Singers,Alive,Human,,Male
223,Michael Jenkins,Dead,Human,,Male
224,Michael McLick,Alive,Human,,Male
225,Michael Thompson,Alive,Humanoid,Conjoined twin,Male
226,Million Ants,Dead,Animal,Sentient ant colony,Male
227,Mitch,Alive,Human,,Male
228,Mohawk Guy,Dead,Human,,Male
229,Morty Mart Manager Morty,Alive,Human,,Male
230,Morty Jr.,Alive,Humanoid,Human Gazorpian,Male
231,Morty Rick,unknown,Human,,Male
232,Morty Smith,Alive,Human,,Male
233,Morty K-22,Alive,Human,,Male
234,Morty Smith,Dead,Human,,Male
235,Mortytown Loco,Dead,Human,,Male
236,Mr. Beauregard,Dead,Alien,Parasite,Male
237,Mr. Benson,Alive,Human,,Male
238,Mr. Booby Buyer,Alive,Animal,Boobie buyer reptilian,Male
239,Mr. Goldenfold,Alive,Cronenberg,,Male
240,Mr. Goldenfold,Alive,Human,,Male
241,Mr. Marklovitz,Alive,Human,,Male
242,Mr. Meeseeks,unknown,Humanoid,Meeseeks,Male
243,Mr. Needful,Alive,Humanoid,The Devil,Male
244,Mr. Poopybutthole,Alive,Poopybutthole,,Male
245,Mrs. Lipkip,Alive,Human,,Female
246,Mrs. Pancakes,Alive,Human,,Female
247,Mrs. Poopybutthole,Alive,Poopybutthole,,Female
248,Mrs. Refrigerator,Dead,Alien,"Parasite, Refrigerator",Female
249,Mrs. Sanchez,unknown,Human,,Female
250,Mrs. Sullivan,Dead,Human,Cat controlled dead lady,Female
251,Nancy,Alive,Human,,Female
252,Noob-Noob,Alive,Poopybutthole,,Male
253,Numbericon,unknown,Alien,Numbericon,unknown
254,Octopus Man,Alive,Humanoid,Octopus-Person,Male
255,Orthodox Jew,Alive,Human,,Male
256,Pat Gueterman,Dead,Robot,,Male
257,Paul Fleishman,Alive,Human,,Male
258,Pawnshop Clerk,Alive,Alien,,Male
259,Pencilvester,Dead,Alien,"Parasite, Pencil",Male
260,Phillip Jacobs,Alive,Human,,Male
261,Photography Cyborg,unknown,Robot,,Male
262,Photography Raptor,Dead,Alien,"Parasite, Dinosaur",unknown
263,Pibbles Bodyguard,Alive,Alien,Hairy alien,Male
264,Pichael Thompson,Alive,Humanoid,Conjoined twin,Male
265,Pickle Rick,Alive,unknown,Pickle,Male
266,Piece of Toast,Alive,unknown,Bread,Genderless
267,Plumber Rick,Alive,Human,,Male
268,Poncho,Dead,Human,,Male
269,Presidentress of The Mega Gargantuans,Alive,Humanoid,Mega Gargantuan,Female
270,Prince Nebulon,Dead,Alien,Zigerion,Male
271,Principal Vagina,Alive,Cronenberg,,Male
272,Principal Vagina,Alive,Human,,Male
273,Purge Planet Ruler,Dead,Alien,Cat-Person,Male
274,Quantum Rick,unknown,Human,,Male
275,Randy Dicknose,Alive,Human,,Male
276,Rat Boss,Dead,Animal,Rat,unknown
277,Real Fake Doors Salesman,Alive,Human,,Male
278,Regional Manager Rick,Dead,Human,,Male
279,Regular Legs,Alive,Human,,Male
280,Reverse Giraffe,Dead,Alien,Parasite,Male
281,Reverse Rick Outrage,Dead,Human,,Male
282,Revolio Clockberg Jr.,unknown,Alien,Gear-Person,Male
283,Rick D. Sanchez III,Dead,Human,,Male
284,Rick Guilt Rick,unknown,Human,,Male
285,Rick Prime,Dead,Human,,Male
286,Rick D-99,Dead,Human,,Male
287,Rick D716,Dead,Human,,Male
288,Rick D716-B,Alive,Human,,Male
289,Rick D716-C,Alive,Human,,Male
290,Rick Sanchez,Dead,Human,,Male
291,Rick J-22,Alive,Human,,Male
292,Rick K-22,Alive,Human,,Male
293,Rick Sanchez,Dead,Human,,Male
294,Ricktiminus Sancheziminius,Dead,Human,,Male
295,Riq IV,Dead,Human,,Male
296,Risotto Groupon,Dead,Alien,Blue ape alien,Male
297,Risotto's Tentacled Henchman,Dead,Alien,Tentacle alien,Male
298,Robot Morty,unknown,Robot,,Male
299,Robot Rick,unknown,Robot,,Male
300,Roger,Dead,Human,,Male
301,Ron Benson,Alive,Humanoid,Ring-nippled alien,Male
302,Ruben,Dead,Human,,Male
303,Samantha,Alive,Human,,Female
304,Scary Brandon,Alive,Humanoid,Monster,Male
305,Scary Glenn,Alive,Humanoid,Monster,Male
306,Scary Terry,Alive,Humanoid,Monster,Male
307,Scroopy Noopers,Alive,Alien,Plutonian,Male
308,Scropon,unknown,Alien,Lobster-Alien,Male
309,Scrotian,Alive,Animal,Scrotian,Male
310,Self-Congratulatory Jerry,unknown,Mytholog,,Male
311,Shimshamian,Alive,Alien,Shimshamian,Male
312,Shlaammi,Alive,Alien,,unknown
313,Shleemypants,Alive,unknown,Omniscient being,Male
314,Shmlamantha Shmlicelli,Alive,Human,,Female
315,Shmlangela Shmlobinson-Shmlower,Alive,Human,,Female
316,Shmlona Shmlobinson,Alive,Human,,Female
317,Shmlonathan Shmlower,Alive,Human,,Male
318,Shmlony Shmlicelli,Alive,Human,,Male
319,Shmooglite Runner,unknown,Alien,Animal,Male
320,Shnoopy Bloopers,unknown,Alien,,Male
321,Shrimply Pibbles,Alive,Alien,,Male
322,Simple Rick,Dead,Human,,Male
323,Slaveowner,Dead,Human,,Male
324,Sleepy Gary,Dead,Alien,Parasite,Male
325,Slick Morty,Dead,Human,,Male
326,Slippery Stair,Alive,Animal,Slug,Male
327,Slow Mobius,Alive,Humanoid,,Male
328,Slow Rick,Alive,Human,,Male
329,Snuffles (Snowball),Alive,Animal,Intelligent dog,Male
330,Solicitor Rick,unknown,Human,,Male
331,Squanchy,unknown,Alien,Cat-like creature,Male
332,Stacy,Alive,Human,,Female
333,Stair Goblin,Alive,Alien,Stair goblin,Genderless
334,Stealy,Alive,Poopybutthole,,Male
335,Steve,Alive,Human,,Male
336,Steven Phillips,Alive,Alien,Unknown-nippled alien,Male
337,Stu,Dead,Alien,Zigerion,Male
338,Summer Smith,Alive,Human,,Female
339,Summer Smith,Alive,Human,,Female
340,Supernova,Alive,Human,Superhuman,Female
341,Taddy Mason,Alive,Human,,Male
342,Taint Washer,Alive,Human,,Male
343,Tammy Guetermann,Alive,Cronenberg,,Male
344,Tammy Guetermann,Alive,Human,,Female
345,Teacher Rick,Alive,Human,,Male
346,Terry,unknown,Human,,Male
347,The President,Alive,Human,,Male
348,The President of the Miniverse,Dead,Humanoid,Miniverse inhabitant,Male
349,The Scientist Formerly Known as Rick,Dead,Human,,Male
350,Thomas Lipkip,unknown,Human,,Male
351,Three Unknown Things,Alive,Alien,,unknown
352,Tinkles,Dead,Alien,"Parasite, Unicorn lamb",Female
353,Tiny Rick,Dead,Human,Clone,Male
354,Toby Matthews,Alive,Human,,Male
355,Todd Crystal,Alive,Alien,Unknown-nippled alien,Male
356,Tom Randolph,Alive,Human,,Male
357,Tommy's Clone,Alive,Human,Clone,Male
358,Tophat Jones,Dead,Humanoid,Leprechaun,Male
359,Tortured Morty,unknown,Human,,Male
360,Toxic Morty,Dead,Humanoid,Morty's toxic side,Male
361,Toxic Rick,Dead,Humanoid,Rick's toxic side,Male
362,Traflorkian,Alive,Alien,Traflorkian,unknown
363,Trandor,Alive,Alien,Krootabulan,Male
364,Tree Person,Dead,Humanoid,Teenyverse inhabitant,unknown
365,Tricia Lange,Alive,Human,,Female
366,Trunk Morty,Alive,Humanoid,Trunk-Person,Male
367,Trunk Man,Alive,Humanoid,Trunk-Person,Male
368,Truth Tortoise,unknown,Animal,Omniscient being,Male
369,Tusked Assassin,unknown,Alien,Tuskfish,Male
370,Two Guys with Handlebar Mustaches,Alive,Human,,Male
371,Tumblorkian,Alive,Alien,Tumblorkian,Male
372,Unity,Alive,Alien,Hivemind,Genderless
373,Unmuscular Michael,Alive,Human,,Male
374,Vampire Master,Alive,Vampire,,Male
375,Vance Maximus,Dead,Human,,Male
376,Veronica Ann Bennet,Alive,Alien,Gazorpian,Female
377,Voltematron,Dead,Alien,Parasite,unknown
378,Wall Crawling Rick,unknown,Humanoid,Lizard-Person,Male
379,Wedding Bartender,unknown,Alien,,Male
380,Weird Rick,unknown,Human,,Male
381,Woman Rick,Alive,Alien,Chair,Female
382,Worldender,Dead,Alien,,Male
383,Yaarb,Alive,Alien,,Male
384,Yellow Headed Doctor,Alive,Alien,,Male
385,Yellow Shirt Rick,unknown,Human,,Male
386,Zarbadar Gloonch,Dead,Alien,Drumbloxian,Female
387,Zarbadar's Mytholog,unknown,Mytholog,,Female
388,Zeep Xanflorp,Alive,Humanoid,Microverse inhabitant,Male
389,Zeta Alpha Rick,Dead,Human,,Male
390,Zick Zack,Dead,Alien,Floop Floopian,Male
391,Uncle Steve,Dead,Alien,Parasite,Male
392,Bearded Morty,Alive,Human,,Male
393,Roy,Alive,Human,Game,Male
394,Davin,Dead,Cronenberg,,Male
395,Greebybobe,Alive,Alien,Greebybobe,unknown
396,Scary Teacher,Alive,Humanoid,Monster,Male
397,Fido,Alive,Animal,Dog,Male
398,Accountant dog,Alive,Animal,Dog,Male
399,Tiny-persons advocacy group lawyer,Alive,Humanoid,Giant,Male
400,Giant Judge,Alive,Humanoid,Giant,Male
401,Morty Jr's interviewer,Alive,Human,,Male
402,Guy from The Bachelor,Alive,Human,,Male
403,Corn detective,Dead,Humanoid,Corn-person,Male
404,Michael Jackson,Alive,Humanoid,Phone-Person,Male
405,Trunkphobic suspenders guy,Alive,Human,,Male
406,Spiderweb teddy bear,Alive,Animal,Teddy Bear,unknown
407,Regular Tyrion Lannister,Alive,Human,,Male
408,Quick Mistery Presenter,Alive,Human,,Male
409,Mr. Sneezy,Alive,Human,Little Human,Male
410,Two Brothers,Alive,Human,,Male
411,Alien Mexican Armada,unknown,Alien,Mexican,Male
412,Giant Cat Monster,unknown,Animal,Giant Cat Monster,unknown
413,Old Women,unknown,Human,Old Amazons,Female
414,Trunkphobic guy,Alive,Human,,Male
415,Pro trunk people marriage guy,Alive,Human,,Male
416,Muscular Mannie,Alive,Human,Mannie,Male
417,Baby Legs Chief,Alive,Human,,Male
418,Mrs. Sullivan's Boyfriend,Alive,Human,Necrophiliac,Male
419,Plutonian Hostess,Alive,Alien,Plutonian,Female
420,Plutonian Host,Alive,Alien,Plutonian,Male
421,Rich Plutonian,Alive,Alien,Plutonian,Female
422,Rich Plutonian,Alive,Alien,Plutonian,Male
423,Synthetic Laser Eels,Alive,Animal,Eel,unknown
424,Pizza-person,Alive,Humanoid,Pizza,Male
425,Pizza-person,Alive,Humanoid,Pizza,Male
426,Greasy Grandma,Alive,Human,Grandma,Female
427,Phone-person,Alive,Humanoid,Phone,Male
428,Phone-person,Alive,Humanoid,Phone,Male
429,Chair-person,Alive,Humanoid,Chair,Male
430,Chair-person,Alive,Humanoid,Chair,Male
431,Chair-homeless,Alive,Humanoid,Chair,Male
432,Chair-waiter,Alive,Humanoid,Chair,Male
433,Doopidoo,Alive,Animal,Doopidoo,unknown
434,Super Weird Rick,unknown,Human,,Male
435,Pripudlian,Alive,Alien,Pripudlian,unknown
436,Giant Testicle Monster,Alive,Animal,Monster,unknown
437,Michael,Alive,Human,,Male
438,Michael's Lawyer,Alive,Human,,Male
439,Veterinary,Alive,Human,,Female
440,Veterinary Nurse,Alive,Human,,Male
441,Bearded Jerry,Alive,Human,,Male
442,Shaved Head Jerry,Alive,Human,,Male
443,Tank Top Jerry,Alive,Human,,Male
444,Pink Polo Shirt Jerry,Alive,Human,,Male
445,Jerryboree Keeper,Alive,Alien,,Female
446,Jerryboree Receptionist,Alive,Alien,,Male
447,Anchor Gear,Alive,Alien,Gear-Person,Male
448,Gear Cop,Dead,Alien,Gear-Person,Male
449,Roy's Mum,Alive,Human,Game,Female
450,Roy's Wife,Alive,Human,Game,Male
451,Roy's Son,Alive,Human,Game,Male
452,Simon,Alive,Human,,Male
453,Vampire Master's Assistant,Alive,Vampire,,Male
454,Arbolian Mentirososian,Alive,Alien,,unknown
455,St. Gloopy Noops Nurse,Alive,Alien,,Female
456,Nano Doctor,Alive,Alien,Nano Alien,Male
457,Funny Songs Presenter,Alive,Human,,Male
458,Tax Attorney,unknown,Human,,Male
459,Butthole Ice Cream Guy,Alive,Alien,,Male
460,Traflorkian Journalist,Alive,Alien,Traflorkian,Male
461,Communication's Responsible Rick,Dead,Human,,Male
462,Teleportation's Responsible Rick,unknown,Human,,Male
463,SEAL Team Rick,Dead,Human,,Male
464,SEAL Team Rick,Dead,Human,,Male
465,SEAL Team Rick,Dead,Human,,Male
466,SEAL Team Rick,Dead,Human,,Male
467,Morphizer-XE Customer Support,Alive,Alien,,Male
468,Morphizer-XE Customer Support,Alive,Alien,,Male
469,Morphizer-XE Customer Support,unknown,Alien,,Male
470,Alien Spa Employee,Alive,Alien,,Male
471,Little Voltron,Alive,Robot,,Genderless
472,Baby Rick,Alive,Human,Clone,Male
473,Bartender Morty,Alive,Human,,Male
474,Dancer Cowboy Morty,Alive,Human,,Male
475,Dancer Morty,Alive,Human,,Male
476,Flower Morty,Alive,Human,Human with a flower in his head,Male
477,Hairdresser Rick,Alive,Human,,Male
478,Journalist Rick,Alive,Human,,Male
479,Private Sector Rick,Dead,Human,,Male
480,Purple Morty,Alive,Alien,,Male
481,Retired General Rick,unknown,Human,,Male
482,Secret Service Rick,Alive,Human,,Male
483,Steve Jobs Rick,Alive,Human,,Male
484,Sheik Rick,Dead,Human,,Male
485,Modern Rick,Alive,Human,,Male
486,Tan Rick,Dead,Human,,Male
487,Visor Rick,Dead,Human,,Male
488,Colonial Rick,Dead,Human,,Male
489,P-Coat Rick,Dead,Human,,Male
490,Chang,Alive,Human,,Male
491,Dr. Eleanor Arroway,Alive,Human,,Female
492,Varrix,Alive,Alien,,unknown
493,Secretary of the Interior,Alive,Human,,Male
494,Rick Sanchez,Alive,Human,,Male
495,Morty Smith,Alive,Human,,Male
496,Summer Smith,Alive,Human,,Female
497,Beth Smith,Alive,Human,,Female
498,Jerry Smith,Alive,Human,,Male
499,Abadango Cluster Princess,Alive,Alien,,Female
500,Abradolf Lincler,unknown,Human,Genetic experiment,Male
501,Adjudicator Rick,Dead,Human,,Male
502,Agency Director,Dead,Human,,Male
503,Alan Rails,Dead,Human,Superhuman (Ghost trains summoner),Male
504,Albert Einstein,Dead,Human,,Male
505,Alexander,Dead,Human,,Male
506,Alien Googah,unknown,Alien,,unknown
507,Alien Morty,unknown,Alien,,Male
508,Alien Rick,unknown,Alien,,Male
509,Amish Cyborg,Dead,Alien,"Parasite, Cyborg",Male
510,Annie,Alive,Human,,Female
511,Antenna Morty,Alive,Human,Human with antennae,Male
512,Antenna Rick,unknown,Human,Human with antennae,Male
513,Ants in my Eyes Johnson,unknown,Human,Human with ants in his eyes,Male
514,Aqua Morty,unknown,Humanoid,Fish-Person,Male
515,Aqua Rick,unknown,Humanoid,Fish-Person,Male
516,Arcade Alien,unknown,Alien,,Male
517,Armagheadon,Alive,Alien,Cromulon,Male
518,Armothy,Dead,unknown,Self-aware arm,Male
519,Arthricia,Alive,Alien,Cat-Person,Female
520,Artist Morty,Alive,Human,,Male
521,Attila Starwar,Alive,Human,,Male
522,Baby Legs,Alive,Human,Human with baby legs,Male
523,Baby Poopybutthole,Alive,Poopybutthole,,Male
524,Baby Wizard,Dead,Alien,Parasite,Male
525,Bearded Lady,Dead,Alien,Parasite,Female
526,Beebo,Dead,Alien,,Male
527,Benjamin,Alive,Poopybutthole,,Male
528,Bepisian,Alive,Alien,Bepisian,unknown
529,Beta-Seven,Alive,Alien,Hivemind,unknown
530,Beth Sanchez,Alive,Human,,Female
531,Beth Smith,Alive,Human,,Female
532,Beth Smith,Alive,Human,,Female
533,Beth's Mytholog,Dead,Mytholog,,Female
534,Big Boobed Waitress,Alive,Humanoid,,Female
535,Big Head Morty,unknown,Human,Human with giant head,Male
536,Big Morty,Dead,Human,,Male
537,Body Guard Morty,Dead,Human,,Male
538,Bill,Alive,Human,,Male
539,Bill,unknown,Animal,Dog,Male
540,Birdperson,Dead,Alien,Bird-Person,Male
541,Black Rick,Alive,Human,,Male
542,Blamph,Alive,Alien,,unknown
543,Blim Blam,Alive,Alien,Korblock,Male
544,Blue Diplomat,Alive,Alien,,Male
545,Blue Footprint Guy,Dead,Human,,Male
546,Blue Shirt Morty,unknown,Human,,Male
547,Bobby Moynihan,Alive,Human,,Male
548,Boobloosian,Dead,Alien,Boobloosian,unknown
549,Bootleg Portal Chemist Rick,Dead,Human,,Male
550,Borpocian,Alive,Alien,Elephant-Person,Male
551,Brad,Alive,Human,,Male
552,Brad Anderson,Dead,Human,,Male
553,Calypso,Dead,Human,Superhuman,Female
554,Campaign Manager Morty,Dead,Human,,Male
555,Canklanker Thom,Dead,Alien,Gromflomite,Male
556,Centaur,Alive,Humanoid,Centaur,Male
557,Chris,Dead,Alien,Organic gun,unknown
558,Chris,Alive,Humanoid,Microverse inhabitant,Male
559,Coach Feratu (Balik Alistane),Dead,Vampire,,Male
560,Collector,Alive,Alien,Light bulb-Alien,Male
561,Colossus,Dead,Human,,Male
562,Commander Rick,Dead,Human,,Male
563,Concerto,Dead,Humanoid,,Male
564,Conroy,Dead,Robot,,unknown
565,Cool Rick,Alive,Human,,Male
566,Cop Morty,Dead,Human,,Male
567,Cop Rick,Alive,Human,,Male
568,Courier Flap,Alive,Alien,,unknown
569,Cousin Nicky,Dead,Alien,Parasite,Male
570,Cowboy Morty,Alive,Human,,Male
571,Cowboy Rick,Alive,Human,,Male
572,Crab Spider,Alive,Alien,Animal,unknown
573,Creepy Little Girl,Alive,Human,,Female
574,Crocubot,Dead,Humanoid,Robot-Crocodile hybrid,Male
575,Cronenberg Rick,unknown,Cronenberg,,Male
576,Cronenberg Morty,unknown,Cronenberg,,Male
577,Cult Leader Morty,Alive,Human,,Male
578,Cyclops Morty,Alive,Humanoid,,Male
579,Cyclops Rick,Dead,Humanoid,,Male
580,Cynthia,Dead,Alien,Zigerion,Female
581,Cynthia,Alive,Human,,Female
582,Dale,Dead,Humanoid,Giant,Male
583,Daron Jefferson,Alive,Alien,Cone-nippled alien,Male
584,David Letterman,Alive,Human,,Male
585,Davin,Dead,Human,,Male
586,Diablo Verde,Dead,Humanoid,Demon,Male
587,Diane Sanchez,unknown,Human,,Female
588,Dipper and Mabel Mortys,unknown,Human,,unknown
589,Tuberculosis,Dead,Disease,,unknown
590,Gonorrhea,Dead,Disease,,unknown
591,Hepatitis A,Dead,Disease,,unknown
592,Hepatitis C,Dead,Disease,,unknown
593,Bubonic Plague,Dead,Disease,,unknown
594,E. Coli,Dead,Disease,,unknown
595,Donna Gueterman,Dead,Robot,,Female
596,Doofus Rick,unknown,Human,,Male
597,Doom-Nomitron,Dead,Alien,Shapeshifter,unknown
598,Dr. Glip-Glop,Dead,Alien,,Male
599,Dr. Schmidt,unknown,Human,Game,Male
600,Dr. Wong,Alive,Human,,Female
601,Dr. Xenon Bloom,Dead,Humanoid,Amoeba-Person,Male
602,Duck With Muscles,Dead,Parasite,Alien,Male
603,Eli,Alive,Human,,Male
604,Eli's Girlfriend,Alive,Human,,Female
605,Eric McMan,Alive,Human,,Male
606,Eric Stoltz Mask Morty,unknown,Human,,Male
607,Ethan,unknown,Human,Cronenberg,Male
608,Ethan,Alive,Human,,Male
609,Evil Beth Clone,Dead,Human,Clone,Female
610,Evil Jerry Clone,Dead,Human,Clone,Male
611,Evil Morty,Alive,Human,,Male
612,Evil Rick,Dead,Humanoid,Robot,Male
613,Evil Summer Clone,Dead,Human,Clone,Female
614,Eyehole Man,Alive,Alien,,Male
615,Fart,Dead,Alien,Interdimensional gaseous being,Male
616,Fat Morty,Alive,Human,,Male
617,Father Bob,Alive,Human,,Male
618,Flansian,Alive,Alien,Flansian,unknown
619,Fleeb,unknown,Alien,,unknown
620,Frank Palicky,Dead,Human,,Male
621,Frankenstein's Monster,Dead,Alien,Parasite,Male
622,Fulgora,Alive,Human,,Female
623,Galactic Federation President,Dead,Alien,Gromflomite,Male
624,Gar Gloonch,Dead,Alien,Zombodian,Male
625,Gar's Mytholog,Dead,Mytholog,,Male
626,Garblovian,Alive,Alien,Garblovian,Male
627,Garmanarnar,Alive,Alien,,Male
628,Garment District Rick,Dead,Human,,Male
629,Gazorpazorpfield,Alive,Alien,Gazorpian,Male
630,Gene,Alive,Human,,Male
631,General Nathan,Dead,Human,,Male
632,General Store Owner,Dead,Alien,Cat-Person,Male
633,Genital Washer,Alive,Human,,Male
634,Ghost in a Jar,Dead,Alien,"Parasite, Ghost",Genderless
635,Gibble Snake,Dead,Alien,Animal,unknown
636,Glasses Morty,Alive,Human,,Male
637,Glenn,Dead,Alien,Gromflomite,Male
638,Glenn,Alive,Human,Eat shiter-Person,Male
639,Glexo Slim Slom,Alive,Alien,,Male
640,Gobo,Dead,Alien,,Male
641,Goddess Beth,unknown,Mytholog,,Female
642,Gordon Lunas,Dead,Human,,Male
643,Cornvelious Daniel,Dead,Alien,Gromflomite,Male
644,Gwendolyn,unknown,Robot,Gazorpian reproduction robot,Female
645,Hammerhead Morty,unknown,Humanoid,Hammerhead-Person,Male
646,Hamster In Butt,Alive,Animal,,unknown
647,Hamurai,Dead,Alien,Parasite,Male
648,Harold,Alive,Cronenberg,,Male
649,Hemorrhage,Alive,Human,,Male
650,Hole in the Wall Where the Men Can See it All,unknown,unknown,Hole,Genderless
651,Hookah Alien,Alive,Alien,Tuskfish,unknown
652,Hunter,Dead,Human,Clone,Male
653,Hunter's Father,Alive,Human,,Male
654,Hydrogen-F,Alive,Alien,Alphabetrian,Female
655,Ice-T,Alive,Alien,Alphabetrian,Male
656,Ideal Jerry,Dead,Mytholog,,Male
657,Insurance Rick,unknown,Human,,Male
658,Investigator Rick,Dead,Human,,Male
659,Invisi-trooper,Alive,Human,,Male
660,Izzy,Alive,Animal,Cat,unknown
661,Jackie,Alive,Alien,Gazorpian,Female
662,Jacob,Alive,Human,,Male
663,Jacqueline,Alive,Human,,Female
664,Jaguar,Alive,Human,,Male
665,Jamey,Alive,Human,,Male
666,Jan-Michael Vincent,Alive,Human,,Male
667,Jerry 5-126,Alive,Human,,Male
668,Jerry Smith,Alive,Human,,Male
669,Celebrity Jerry,Alive,Human,,Male
670,Jerry Smith,Alive,Human,,Male
671,Jerry's Mytholog,Dead,Mytholog,,Male
672,Jessica,Alive,Cronenberg,,Female
673,Jessica,Alive,Human,,Female
674,Jessica's Friend,Alive,Human,,Female
675,Jim,Alive,Human,,Male
676,Johnny Depp,Alive,Human,,Male
677,Jon,Alive,Alien,Gazorpian,Male
678,Joseph Eli Lipkip,Alive,Human,,Male
679,Joyce Smith,Alive,Human,,Female
680,Juggling Rick,unknown,Human,,Male
681,Karen Entity,Alive,Alien,Unknown-nippled alien,Female
682,Katarina,Dead,Human,,Female
683,Keara,Alive,Alien,Krootabulan,Female
684,Kevin,Dead,Alien,Zigerion,Male
685,King Flippy Nips,Alive,Alien,Plutonian,Male
686,King Jellybean,Dead,Alien,Jellybean,Male
687,Kozbian,Alive,Alien,Tentacle alien,unknown
688,Kristen Stewart,Alive,Human,,Female
689,Krombopulos Michael,Dead,Alien,Gromflomite,Male
690,Kyle,Dead,Humanoid,Miniverse inhabitant,Male
691,Lady Katana,Dead,Humanoid,Cyborg,Female
692,Larva Alien,Alive,Alien,Larva alien,unknown
693,Lawyer Morty,unknown,Human,,Male
694,Leonard Smith,Alive,Human,,Male
695,Lighthouse Keeper,Dead,Alien,Cat-Person,Male
696,Lil B,Dead,Alien,Snail alien,Male
697,Lisa,Dead,Alien,,Female
698,Little Dipper,Alive,Humanoid,Tinymouth,Male
699,Lizard Morty,Alive,Humanoid,Lizard-Person,Male
700,Loggins,Alive,Alien,Alligator-Person,Male
701,Logic,Alive,Human,,Male
702,Long Sleeved Morty,unknown,Human,,Male
703,Lucy,Dead,Human,,Female
704,Ma-Sha,Alive,Alien,Gazorpian,Female
705,Magma-Q,Dead,Alien,Alphabetrian,Male
706,Magnesium-J,Alive,Alien,Alphabetrian,Male
707,Man Painted Silver Who Makes Robot Noises,Alive,Human,,Male
708,Maximums Rickimus,Dead,Human,,Male
709,MC Haps,Alive,Human,,Male
710,Mechanical Morty,Dead,Robot,,Male
711,Mechanical Rick,unknown,Robot,,Male
712,Mechanical Summer,unknown,Robot,,Female
713,Mega Fruit Farmer Rick,Alive,Human,,Male
714,Melissa,Alive,Humanoid,Monster,Female
715,Michael Denny and the Denny Singers,Alive,Human,,Male
716,Michael Jenkins,Dead,Human,,Male
717,Michael McLick,Alive,Human,,Male
718,Michael Thompson,Alive,Humanoid,Conjoined twin,Male
719,Million Ants,Dead,Animal,Sentient ant colony,Male
720,Mitch,Alive,Human,,Male
721,Mohawk Guy,Dead,Human,,Male
722,Morty Mart Manager Morty,Alive,Human,,Male
723,Morty Jr.,Alive,Humanoid,Human Gazorpian,Male
724,Morty Rick,unknown,Human,,Male
725,Morty Smith,Alive,Human,,Male
726,Morty K-22,Alive,Human,,Male
727,Morty Smith,Dead,Human,,Male
728,Mortytown Loco,Dead,Human,,Male
729,Mr. Beauregard,Dead,Alien,Parasite,Male
730,Mr. Benson,Alive,Human,,Male
731,Mr. Booby Buyer,Alive,Animal,Boobie buyer reptilian,Male
732,Mr. Goldenfold,Alive,Cronenberg,,Male
733,Mr. Goldenfold,Alive,Human,,Male
734,Mr. Marklovitz,Alive,Human,,Male
735,Mr. Meeseeks,unknown,Humanoid,Meeseeks,Male
736,Mr. Needful,Alive,Humanoid,The Devil,Male
737,Mr. Poopybutthole,Alive,Poopybutthole,,Male
738,Mrs. Lipkip,Alive,Human,,Female
739,Mrs. Pancakes,Alive,Human,,Female
740,Mrs. Poopybutthole,Alive,Poopybutthole,,Female
741,Mrs. Refrigerator,Dead,Alien,"Parasite, Refrigerator",Female
742,Mrs. Sanchez,unknown,Human,,Female
743,Mrs. Sullivan,Dead,Human,Cat controlled dead lady,Female
744,Nancy,Alive,Human,,Female
745,Noob-Noob,Alive,Poopybutthole,,Male
746,Numbericon,unknown,Alien,Numbericon,unknown
747,Octopus Man,Alive,Humanoid,Octopus-Person,Male
748,Orthodox Jew,Alive,Human,,Male
749,Pat Gueterman,Dead,Robot,,Male
750,Paul Fleishman,Alive,Human,,Male
751,Pawnshop Clerk,Alive,Alien,,Male
752,Pencilvester,Dead,Alien,"Parasite, Pencil",Male
753,Phillip Jacobs,Alive,Human,,Male
754,Photography Cyborg,unknown,Robot,,Male
755,Photography Raptor,Dead,Alien,"Parasite, Dinosaur",unknown
756,Pibbles Bodyguard,Alive,Alien,Hairy alien,Male
757,Pichael Thompson,Alive,Humanoid,Conjoined twin,Male
758,Pickle Rick,Alive,unknown,Pickle,Male
759,Piece of Toast,Alive,unknown,Bread,Genderless
760,Plumber Rick,Alive,Human,,Male
761,Poncho,Dead,Human,,Male
762,Presidentress of The Mega Gargantuans,Alive,Humanoid,Mega Gargantuan,Female
763,Prince Nebulon,Dead,Alien,Zigerion,Male
764,Principal Vagina,Alive,Cronenberg,,Male
765,Principal Vagina,Alive,Human,,Male
766,Purge Planet Ruler,Dead,Alien,Cat-Person,Male
767,Quantum Rick,unknown,Human,,Male
768,Randy Dicknose,Alive,Human,,Male
769,Rat Boss,Dead,Animal,Rat,unknown
770,Real Fake Doors Salesman,Alive,Human,,Male
771,Regional Manager Rick,Dead,Human,,Male
772,Regular Legs,Alive,Human,,Male
773,Reverse Giraffe,Dead,Alien,Parasite,Male
774,Reverse Rick Outrage,Dead,Human,,Male
775,Revolio Clockberg Jr.,unknown,Alien,Gear-Person,Male
776,Rick D. Sanchez III,Dead,Human,,Male
777,Rick Guilt Rick,unknown,Human,,Male
778,Rick Prime,Dead,Human,,Male
779,Rick D-99,Dead,Human,,Male
780,Rick D716,Dead,Human,,Male
781,Rick D716-B,Alive,Human,,Male
782,Rick D716-C,Alive,Human,,Male
783,Rick Sanchez,Dead,Human,,Male
784,Rick J-22,Alive,Human,,Male
785,Rick K-22,Alive,Human,,Male
786,Rick Sanchez,Dead,Human,,Male
787,Ricktiminus Sancheziminius,Dead,Human,,Male
788,Riq IV,Dead,Human,,Male
789,Risotto Groupon,Dead,Alien,Blue ape alien,Male
790,Risotto's Tentacled Henchman,Dead,Alien,Tentacle alien,Male
791,Robot Morty,unknown,Robot,,Male
792,Robot Rick,unknown,Robot,,Male
793,Roger,Dead,Human,,Male
794,Ron Benson,Alive,Humanoid,Ring-nippled alien,Male
795,Ruben,Dead,Human,,Male
796,Samantha,Alive,Human,,Female
797,Scary Brandon,Alive,Humanoid,Monster,Male
798,Scary Glenn,Alive,Humanoid,Monster,Male
799,Scary Terry,Alive,Humanoid,Monster,Male
800,Scroopy Noopers,Alive,Alien,Plutonian,Male
801,Scropon,unknown,Alien,Lobster-Alien,Male
802,Scrotian,Alive,Animal,Scrotian,Male
803,Self-Congratulatory Jerry,unknown,Mytholog,,Male
804,Shimshamian,Alive,Alien,Shimshamian,Male
805,Shlaammi,Alive,Alien,,unknown
806,Shleemypants,Alive,unknown,Omniscient being,Male
807,Shmlamantha Shmlicelli,Alive,Human,,Female
808,Shmlangela Shmlobinson-Shmlower,Alive,Human,,Female
809,Shmlona Shmlobinson,Alive,Human,,Female
810,Shmlonathan Shmlower,Alive,Human,,Male
811,Shmlony Shmlicelli,Alive,Human,,Male
812,Shmooglite Runner,unknown,Alien,Animal,Male
813,Shnoopy Bloopers,unknown,Alien,,Male
814,Shrimply Pibbles,Alive,Alien,,Male
815,Simple Rick,Dead,Human,,Male
816,Slaveowner,Dead,Human,,Male
817,Sleepy Gary,Dead,Alien,Parasite,Male
818,Slick Morty,Dead,Human,,Male
819,Slippery Stair,Alive,Animal,Slug,Male
820,Slow Mobius,Alive,Humanoid,,Male
821,Slow Rick,Alive,Human,,Male
822,Snuffles (Snowball),Alive,Animal,Intelligent dog,Male
823,Solicitor Rick,unknown,Human,,Male
824,Squanchy,unknown,Alien,Cat-like creature,Male
825,Stacy,Alive,Human,,Female
826,Stair Goblin,Alive,Alien,Stair goblin,Genderless
827,Stealy,Alive,Poopybutthole,,Male
828,Steve,Alive,Human,,Male
829,Steven Phillips,Alive,Alien,Unknown-nippled alien,Male
830,Stu,Dead,Alien,Zigerion,Male
831,Summer Smith,Alive,Human,,Female
832,Summer Smith,Alive,Human,,Female
833,Supernova,Alive,Human,Superhuman,Female
834,Taddy Mason,Alive,Human,,Male
835,Taint Washer,Alive,Human,,Male
836,Tammy Guetermann,Alive,Cronenberg,,Male
837,Tammy Guetermann,Alive,Human,,Female
838,Teacher Rick,Alive,Human,,Male
839,Terry,unknown,Human,,Male
840,The President,Alive,Human,,Male
841,The President of the Miniverse,Dead,Humanoid,Miniverse inhabitant,Male
842,The Scientist Formerly Known as Rick,Dead,Human,,Male
843,Thomas Lipkip,unknown,Human,,Male
844,Three Unknown Things,Alive,Alien,,unknown
845,Tinkles,Dead,Alien,"Parasite, Unicorn lamb",Female
846,Tiny Rick,Dead,Human,Clone,Male
847,Toby Matthews,Alive,Human,,Male
848,Todd Crystal,Alive,Alien,Unknown-nippled alien,Male
849,Tom Randolph,Alive,Human,,Male
850,Tommy's Clone,Alive,Human,Clone,Male
851,Tophat Jones,Dead,Humanoid,Leprechaun,Male
852,Tortured Morty,unknown,Human,,Male
853,Toxic Morty,Dead,Humanoid,Morty's toxic side,Male
854,Toxic Rick,Dead,Humanoid,Rick's toxic side,Male
855,Traflorkian,Alive,Alien,Traflorkian,unknown
856,Trandor,Alive,Alien,Krootabulan,Male
857,Tree Person,Dead,Humanoid,Teenyverse inhabitant,unknown
858,Tricia Lange,Alive,Human,,Female
859,Trunk Morty,Alive,Humanoid,Trunk-Person,Male
860,Trunk Man,Alive,Humanoid,Trunk-Person,Male
861,Truth Tortoise,unknown,Animal,Omniscient being,Male
862,Tusked Assassin,unknown,Alien,Tuskfish,Male
863,Two Guys with Handlebar Mustaches,Alive,Human,,Male
864,Tumblorkian,Alive,Alien,Tumblorkian,Male
865,Unity,Alive,Alien,Hivemind,Genderless
866,Unmuscular Michael,Alive,Human,,Male
867,Vampire Master,Alive,Vampire,,Male
868,Vance Maximus,Dead,Human,,Male
869,Veronica Ann Bennet,Alive,Alien,Gazorpian,Female
870,Voltematron,Dead,Alien,Parasite,unknown
871,Wall Crawling Rick,unknown,Humanoid,Lizard-Person,Male
872,Wedding Bartender,unknown,Alien,,Male
873,Weird Rick,unknown,Human,,Male
874,Woman Rick,Alive,Alien,Chair,Female
875,Worldender,Dead,Alien,,Male
876,Yaarb,Alive,Alien,,Male
877,Yellow Headed Doctor,Alive,Alien,,Male
878,Yellow Shirt Rick,unknown,Human,,Male
879,Zarbadar Gloonch,Dead,Alien,Drumbloxian,Female
880,Zarbadar's Mytholog,unknown,Mytholog,,Female
881,Zeep Xanflorp,Alive,Humanoid,Microverse inhabitant,Male
882,Zeta Alpha Rick,Dead,Human,,Male
883,Zick Zack,Dead,Alien,Floop Floopian,Male
884,Uncle Steve,Dead,Alien,Parasite,Male
885,Bearded Morty,Alive,Human,,Male
886,Roy,Alive,Human,Game,Male
887,Davin,Dead,Cronenberg,,Male
888,Greebybobe,Alive,Alien,Greebybobe,unknown
889,Scary Teacher,Alive,Humanoid,Monster,Male
890,Fido,Alive,Animal,Dog,Male
891,Accountant dog,Alive,Animal,Dog,Male
892,Tiny-persons advocacy group lawyer,Alive,Humanoid,Giant,Male
893,Giant Judge,Alive,Humanoid,Giant,Male
894,Morty Jr's interviewer,Alive,Human,,Male
895,Guy from The Bachelor,Alive,Human,,Male
896,Corn detective,Dead,Humanoid,Corn-person,Male
897,Michael Jackson,Alive,Humanoid,Phone-Person,Male
898,Trunkphobic suspenders guy,Alive,Human,,Male
899,Spiderweb teddy bear,Alive,Animal,Teddy Bear,unknown
900,Regular Tyrion Lannister,Alive,Human,,Male
901,Quick Mistery Presenter,Alive,Human,,Male
902,Mr. Sneezy,Alive,Human,Little Human,Male
903,Two Brothers,Alive,Human,,Male
904,Alien Mexican Armada,unknown,Alien,Mexican,Male
905,Giant Cat Monster,unknown,Animal,Giant Cat Monster,unknown
906,Old Women,unknown,Human,Old Amazons,Female
907,Trunkphobic guy,Alive,Human,,Male
908,Pro trunk people marriage guy,Alive,Human,,Male
909,Muscular Mannie,Alive,Human,Mannie,Male
910,Baby Legs Chief,Alive,Human,,Male
911,Mrs. Sullivan's Boyfriend,Alive,Human,Necrophiliac,Male
912,Plutonian Hostess,Alive,Alien,Plutonian,Female
913,Plutonian Host,Alive,Alien,Plutonian,Male
914,Rich Plutonian,Alive,Alien,Plutonian,Female
915,Rich Plutonian,Alive,Alien,Plutonian,Male
916,Synthetic Laser Eels,Alive,Animal,Eel,unknown
917,Pizza-person,Alive,Humanoid,Pizza,Male
918,Pizza-person,Alive,Humanoid,Pizza,Male
919,Greasy Grandma,Alive,Human,Grandma,Female
920,Phone-person,Alive,Humanoid,Phone,Male
921,Phone-person,Alive,Humanoid,Phone,Male
922,Chair-person,Alive,Humanoid,Chair,Male
923,Chair-person,Alive,Humanoid,Chair,Male
924,Chair-homeless,Alive,Humanoid,Chair,Male
925,Chair-waiter,Alive,Humanoid,Chair,Male
926,Doopidoo,Alive,Animal,Doopidoo,unknown
927,Super Weird Rick,unknown,Human,,Male
928,Pripudlian,Alive,Alien,Pripudlian,unknown
929,Giant Testicle Monster,Alive,Animal,Monster,unknown
930,Michael,Alive,Human,,Male
931,Michael's Lawyer,Alive,Human,,Male
932,Veterinary,Alive,Human,,Female
933,Veterinary Nurse,Alive,Human,,Male
934,Bearded Jerry,Alive,Human,,Male
935,Shaved Head Jerry,Alive,Human,,Male
936,Tank Top Jerry,Alive,Human,,Male
937,Pink Polo Shirt Jerry,Alive,Human,,Male
938,Jerryboree Keeper,Alive,Alien,,Female
939,Jerryboree Receptionist,Alive,Alien,,Male
940,Anchor Gear,Alive,Alien,Gear-Person,Male
941,Gear Cop,Dead,Alien,Gear-Person,Male
942,Roy's Mum,Alive,Human,Game,Female
943,Roy's Wife,Alive,Human,Game,Male
944,Roy's Son,Alive,Human,Game,Male
945,Simon,Alive,Human,,Male
946,Vampire Master's Assistant,Alive,Vampire,,Male
947,Arbolian Mentirososian,Alive,Alien,,unknown
948,St. Gloopy Noops Nurse,Alive,Alien,,Female
949,Nano Doctor,Alive,Alien,Nano Alien,Male
950,Funny Songs Presenter,Alive,Human,,Male
951,Tax Attorney,unknown,Human,,Male
952,Butthole Ice Cream Guy,Alive,Alien,,Male
953,Traflorkian Journalist,Alive,Alien,Traflorkian,Male
954,Communication's Responsible Rick,Dead,Human,,Male
955,Teleportation's Responsible Rick,unknown,Human,,Male
956,SEAL Team Rick,Dead,Human,,Male
957,SEAL Team Rick,Dead,Human,,Male
958,SEAL Team Rick,Dead,Human,,Male
959,SEAL Team Rick,Dead,Human,,Male
960,Morphizer-XE Customer Support,Alive,Alien,,Male
961,Morphizer-XE Customer Support,Alive,Alien,,Male
962,Morphizer-XE Customer Support,unknown,Alien,,Male
963,Alien Spa Employee,Alive,Alien,,Male
964,Little Voltron,Alive,Robot,,Genderless
965,Baby Rick,Alive,Human,Clone,Male
966,Bartender Morty,Alive,Human,,Male
967,Dancer Cowboy Morty,Alive,Human,,Male
968,Dancer Morty,Alive,Human,,Male
969,Flower Morty,Alive,Human,Human with a flower in his head,Male
970,Hairdresser Rick,Alive,Human,,Male
971,Journalist Rick,Alive,Human,,Male
972,Private Sector Rick,Dead,Human,,Male
973,Purple Morty,Alive,Alien,,Male
974,Retired General Rick,unknown,Human,,Male
975,Secret Service Rick,Alive,Human,,Male
976,Steve Jobs Rick,Alive,Human,,Male
977,Sheik Rick,Dead,Human,,Male
978,Modern Rick,Alive,Human,,Male
979,Tan Rick,Dead,Human,,Male
980,Visor Rick,Dead,Human,,Male
981,Colonial Rick,Dead,Human,,Male
982,P-Coat Rick,Dead,Human,,Male
983,Chang,Alive,Human,,Male
984,Dr. Eleanor Arroway,Alive,Human,,Female
985,Varrix,Alive,Alien,,unknown
986,Secretary of the Interior,Alive,Human,,Male
987,Rick Sanchez,Alive,Human,,Male
988,Morty Smith,Alive,Human,,Male
989,Summer Smith,Alive,Human,,Female
990,Beth Smith,Alive,Human,,Female
991,Jerry Smith,Alive,Human,,Male
992,Abadango Cluster Princess,Alive,Alien,,Female
993,Abradolf Lincler,unknown,Human,Genetic experiment,Male
994,Adjudicator Rick,Dead,Human,,Male
995,Agency Director,Dead,Human,,Male
996,Alan Rails,Dead,Human,Superhuman (Ghost trains summoner),Male
997,Albert Einstein,Dead,Human,,Male
998,Alexander,Dead,Human,,Male
999,Alien Googah,unknown,Alien,,unknown
1000,Alien Morty,unknown,Alien,,Male
1001,Alien Rick,unknown,Alien,,Male
1002,Amish Cyborg,Dead,Alien,"Parasite, Cyborg",Male
1003,Annie,Alive,Human,,Female
1004,Antenna Morty,Alive,Human,Human with antennae,Male
1005,Antenna Rick,unknown,Human,Human with antennae,Male
1006,Ants in my Eyes Johnson,unknown,Human,Human with ants in his eyes,Male
1007,Aqua Morty,unknown,Humanoid,Fish-Person,Male
1008,Aqua Rick,unknown,Humanoid,Fish-Person,Male
1009,Arcade Alien,unknown,Alien,,Male
1010,Armagheadon,Alive,Alien,Cromulon,Male
1011,Armothy,Dead,unknown,Self-aware arm,Male
1012,Arthricia,Alive,Alien,Cat-Person,Female
1013,Artist Morty,Alive,Human,,Male
1014,Attila Starwar,Alive,Human,,Male
1015,Baby Legs,Alive,Human,Human with baby legs,Male
1016,Baby Poopybutthole,Alive,Poopybutthole,,Male
1017,Baby Wizard,Dead,Alien,Parasite,Male
1018,Bearded Lady,Dead,Alien,Parasite,Female
1019,Beebo,Dead,Alien,,Male
1020,Benjamin,Alive,Poopybutthole,,Male
1021,Bepisian,Alive,Alien,Bepisian,unknown
1022,Beta-Seven,Alive,Alien,Hivemind,unknown
1023,Beth Sanchez,Alive,Human,,Female
1024,Beth Smith,Alive,Human,,Female
1025,Beth Smith,Alive,Human,,Female
1026,Beth's Mytholog,Dead,Mytholog,,Female
1027,Big Boobed Waitress,Alive,Humanoid,,Female
1028,Big Head Morty,unknown,Human,Human with giant head,Male
1029,Big Morty,Dead,Human,,Male
1030,Body Guard Morty,Dead,Human,,Male
1031,Bill,Alive,Human,,Male
1032,Bill,unknown,Animal,Dog,Male
1033,Birdperson,Dead,Alien,Bird-Person,Male
1034,Black Rick,Alive,Human,,Male
1035,Blamph,Alive,Alien,,unknown
1036,Blim Blam,Alive,Alien,Korblock,Male
1037,Blue Diplomat,Alive,Alien,,Male
1038,Blue Footprint Guy,Dead,Human,,Male
1039,Blue Shirt Morty,unknown,Human,,Male
1040,Bobby Moynihan,Alive,Human,,Male
1041,Boobloosian,Dead,Alien,Boobloosian,unknown
1042,Bootleg Portal Chemist Rick,Dead,Human,,Male
1043,Borpocian,Alive,Alien,Elephant-Person,Male
1044,Brad,Alive,Human,,Male
1045,Brad Anderson,Dead,Human,,Male
1046,Calypso,Dead,Human,Superhuman,Female
1047,Campaign Manager Morty,Dead,Human,,Male
1048,Canklanker Thom,Dead,Alien,Gromflomite,Male
1049,Centaur,Alive,Humanoid,Centaur,Male
1050,Chris,Dead,Alien,Organic gun,unknown
1051,Chris,Alive,Humanoid,Microverse inhabitant,Male
1052,Coach Feratu (Balik Alistane),Dead,Vampire,,Male
1053,Collector,Alive,Alien,Light bulb-Alien,Male
1054,Colossus,Dead,Human,,Male
1055,Commander Rick,Dead,Human,,Male
1056,Concerto,Dead,Humanoid,,Male
1057,Conroy,Dead,Robot,,unknown
1058,Cool Rick,Alive,Human,,Male
1059,Cop Morty,Dead,Human,,Male
1060,Cop Rick,Alive,Human,,Male
1061,Courier Flap,Alive,Alien,,unknown
1062,Cousin Nicky,Dead,Alien,Parasite,Male
1063,Cowboy Morty,Alive,Human,,Male
1064,Cowboy Rick,Alive,Human,,Male
1065,Crab Spider,Alive,Alien,Animal,unknown
1066,Creepy Little Girl,Alive,Human,,Female
1067,Crocubot,Dead,Humanoid,Robot-Crocodile hybrid,Male
1068,Cronenberg Rick,unknown,Cronenberg,,Male
1069,Cronenberg Morty,unknown,Cronenberg,,Male
1070,Cult Leader Morty,Alive,Human,,Male
1071,Cyclops Morty,Alive,Humanoid,,Male
1072,Cyclops Rick,Dead,Humanoid,,Male
1073,Cynthia,Dead,Alien,Zigerion,Female
1074,Cynthia,Alive,Human,,Female
1075,Dale,Dead,Humanoid,Giant,Male
1076,Daron Jefferson,Alive,Alien,Cone-nippled alien,Male
1077,David Letterman,Alive,Human,,Male
1078,Davin,Dead,Human,,Male
1079,Diablo Verde,Dead,Humanoid,Demon,Male
1080,Diane Sanchez,unknown,Human,,Female
1081,Dipper and Mabel Mortys,unknown,Human,,unknown
1082,Tuberculosis,Dead,Disease,,unknown
1083,Gonorrhea,Dead,Disease,,unknown
1084,Hepatitis A,Dead,Disease,,unknown
1085,Hepatitis C,Dead,Disease,,unknown
1086,Bubonic Plague,Dead,Disease,,unknown
1087,E. Coli,Dead,Disease,,unknown
1088,Donna Gueterman,Dead,Robot,,Female
1089,Doofus Rick,unknown,Human,,Male
1090,Doom-Nomitron,Dead,Alien,Shapeshifter,unknown
1091,Dr. Glip-Glop,Dead,Alien,,Male
1092,Dr. Schmidt,unknown,Human,Game,Male
1093,Dr. Wong,Alive,Human,,Female
1094,Dr. Xenon Bloom,Dead,Humanoid,Amoeba-Person,Male
1095,Duck With Muscles,Dead,Parasite,Alien,Male
1096,Eli,Alive,Human,,Male
1097,Eli's Girlfriend,Alive,Human,,Female
1098,Eric McMan,Alive,Human,,Male
1099,Eric Stoltz Mask Morty,unknown,Human,,Male
1100,Ethan,unknown,Human,Cronenberg,Male
1101,Ethan,Alive,Human,,Male
1102,Evil Beth Clone,Dead,Human,Clone,Female
1103,Evil Jerry Clone,Dead,Human,Clone,Male
1104,Evil Morty,Alive,Human,,Male
1105,Evil Rick,Dead,Humanoid,Robot,Male
1106,Evil Summer Clone,Dead,Human,Clone,Female
1107,Eyehole Man,Alive,Alien,,Male
1108,Fart,Dead,Alien,Interdimensional gaseous being,Male
1109,Fat Morty,Alive,Human,,Male
1110,Father Bob,Alive,Human,,Male
1111,Flansian,Alive,Alien,Flansian,unknown
1112,Fleeb,unknown,Alien,,unknown
1113,Frank Palicky,Dead,Human,,Male
1114,Frankenstein's Monster,Dead,Alien,Parasite,Male
1115,Fulgora,Alive,Human,,Female
1116,Galactic Federation President,Dead,Alien,Gromflomite,Male
1117,Gar Gloonch,Dead,Alien,Zombodian,Male
1118,Gar's Mytholog,Dead,Mytholog,,Male
1119,Garblovian,Alive,Alien,Garblovian,Male
1120,Garmanarnar,Alive,Alien,,Male
1121,Garment District Rick,Dead,Human,,Male
1122,Gazorpazorpfield,Alive,Alien,Gazorpian,Male
1123,Gene,Alive,Human,,Male
1124,General Nathan,Dead,Human,,Male
1125,General Store Owner,Dead,Alien,Cat-Person,Male
1126,Genital Washer,Alive,Human,,Male
1127,Ghost in a Jar,Dead,Alien,"Parasite, Ghost",Genderless
1128,Gibble Snake,Dead,Alien,Animal,unknown
1129,Glasses Morty,Alive,Human,,Male
1130,Glenn,Dead,Alien,Gromflomite,Male
1131,Glenn,Alive,Human,Eat shiter-Person,Male
1132,Glexo Slim Slom,Alive,Alien,,Male
1133,Gobo,Dead,Alien,,Male
1134,Goddess Beth,unknown,Mytholog,,Female
1135,Gordon Lunas,Dead,Human,,Male
1136,Cornvelious Daniel,Dead,Alien,Gromflomite,Male
1137,Gwendolyn,unknown,Robot,Gazorpian reproduction robot,Female
1138,Hammerhead Morty,unknown,Humanoid,Hammerhead-Person,Male
1139,Hamster In Butt,Alive,Animal,,unknown
1140,Hamurai,Dead,Alien,Parasite,Male
1141,Harold,Alive,Cronenberg,,Male
1142,Hemorrhage,Alive,Human,,Male
1143,Hole in the Wall Where the Men Can See it All,unknown,unknown,Hole,Genderless
1144,Hookah Alien,Alive,Alien,Tuskfish,unknown
1145,Hunter,Dead,Human,Clone,Male
1146,Hunter's Father,Alive,Human,,Male
1147,Hydrogen-F,Alive,Alien,Alphabetrian,Female
1148,Ice-T,Alive,Alien,Alphabetrian,Male
1149,Ideal Jerry,Dead,Mytholog,,Male
1150,Insurance Rick,unknown,Human,,Male
1151,Investigator Rick,Dead,Human,,Male
1152,Invisi-trooper,Alive,Human,,Male
1153,Izzy,Alive,Animal,Cat,unknown
1154,Jackie,Alive,Alien,Gazorpian,Female
1155,Jacob,Alive,Human,,Male
1156,Jacqueline,Alive,Human,,Female
1157,Jaguar,Alive,Human,,Male
1158,Jamey,Alive,Human,,Male
1159,Jan-Michael Vincent,Alive,Human,,Male
1160,Jerry 5-126,Alive,Human,,Male
1161,Jerry Smith,Alive,Human,,Male
1162,Celebrity Jerry,Alive,Human,,Male
1163,Jerry Smith,Alive,Human,,Male
1164,Jerry's Mytholog,Dead,Mytholog,,Male
1165,Jessica,Alive,Cronenberg,,Female
1166,Jessica,Alive,Human,,Female
1167,Jessica's Friend,Alive,Human,,Female
1168,Jim,Alive,Human,,Male
1169,Johnny Depp,Alive,Human,,Male
1170,Jon,Alive,Alien,Gazorpian,Male
1171,Joseph Eli Lipkip,Alive,Human,,Male
1172,Joyce Smith,Alive,Human,,Female
1173,Juggling Rick,unknown,Human,,Male
1174,Karen Entity,Alive,Alien,Unknown-nippled alien,Female
1175,Katarina,Dead,Human,,Female
1176,Keara,Alive,Alien,Krootabulan,Female
1177,Kevin,Dead,Alien,Zigerion,Male
1178,King Flippy Nips,Alive,Alien,Plutonian,Male
1179,King Jellybean,Dead,Alien,Jellybean,Male
1180,Kozbian,Alive,Alien,Tentacle alien,unknown
1181,Kristen Stewart,Alive,Human,,Female
1182,Krombopulos Michael,Dead,Alien,Gromflomite,Male
1183,Kyle,Dead,Humanoid,Miniverse inhabitant,Male
1184,Lady Katana,Dead,Humanoid,Cyborg,Female
1185,Larva Alien,Alive,Alien,Larva alien,unknown
1186,Lawyer Morty,unknown,Human,,Male
1187,Leonard Smith,Alive,Human,,Male
1188,Lighthouse Keeper,Dead,Alien,Cat-Person,Male
1189,Lil B,Dead,Alien,Snail alien,Male
1190,Lisa,Dead,Alien,,Female
1191,Little Dipper,Alive,Humanoid,Tinymouth,Male
1192,Lizard Morty,Alive,Humanoid,Lizard-Person,Male
1193,Loggins,Alive,Alien,Alligator-Person,Male
1194,Logic,Alive,Human,,Male
1195,Long Sleeved Morty,unknown,Human,,Male
1196,Lucy,Dead,Human,,Female
1197,Ma-Sha,Alive,Alien,Gazorpian,Female
1198,Magma-Q,Dead,Alien,Alphabetrian,Male
1199,Magnesium-J,Alive,Alien,Alphabetrian,Male
1200,Man Painted Silver Who Makes Robot Noises,Alive,Human,,Male
1201,Maximums Rickimus,Dead,Human,,Male
1202,MC Haps,Alive,Human,,Male
1203,Mechanical Morty,Dead,Robot,,Male
1204,Mechanical Rick,unknown,Robot,,Male
1205,Mechanical Summer,unknown,Robot,,Female
1206,Mega Fruit Farmer Rick,Alive,Human,,Male
1207,Melissa,Alive,Humanoid,Monster,Female
1208,Michael Denny and the Denny Singers,Alive,Human,,Male
1209,Michael Jenkins,Dead,Human,,Male
1210,Michael McLick,Alive,Human,,Male
1211,Michael Thompson,Alive,Humanoid,Conjoined twin,Male
1212,Million Ants,Dead,Animal,Sentient ant colony,Male
1213,Mitch,Alive,Human,,Male
1214,Mohawk Guy,Dead,Human,,Male
1215,Morty Mart Manager Morty,Alive,Human,,Male
1216,Morty Jr.,Alive,Humanoid,Human Gazorpian,Male
1217,Morty Rick,unknown,Human,,Male
1218,Morty Smith,Alive,Human,,Male
1219,Morty K-22,Alive,Human,,Male
1220,Morty Smith,Dead,Human,,Male
1221,Mortytown Loco,Dead,Human,,Male
1222,Mr. Beauregard,Dead,Alien,Parasite,Male
1223,Mr. Benson,Alive,Human,,Male
1224,Mr. Booby Buyer,Alive,Animal,Boobie buyer reptilian,Male
1225,Mr. Goldenfold,Alive,Cronenberg,,Male
1226,Mr. Goldenfold,Alive,Human,,Male
1227,Mr. Marklovitz,Alive,Human,,Male
1228,Mr. Meeseeks,unknown,Humanoid,Meeseeks,Male
1229,Mr. Needful,Alive,Humanoid,The Devil,Male
1230,Mr. Poopybutthole,Alive,Poopybutthole,,Male
1231,Mrs. Lipkip,Alive,Human,,Female
1232,Mrs. Pancakes,Alive,Human,,Female
1233,Mrs. Poopybutthole,Alive,Poopybutthole,,Female
1234,Mrs. Refrigerator,Dead,Alien,"Parasite, Refrigerator",Female
1235,Mrs. Sanchez,unknown,Human,,Female
1236,Mrs. Sullivan,Dead,Human,Cat controlled dead lady,Female
1237,Nancy,Alive,Human,,Female
1238,Noob-Noob,Alive,Poopybutthole,,Male
1239,Numbericon,unknown,Alien,Numbericon,unknown
1240,Octopus Man,Alive,Humanoid,Octopus-Person,Male
1241,Orthodox Jew,Alive,Human,,Male
1242,Pat Gueterman,Dead,Robot,,Male
1243,Paul Fleishman,Alive,Human,,Male
1244,Pawnshop Clerk,Alive,Alien,,Male
1245,Pencilvester,Dead,Alien,"Parasite, Pencil",Male
1246,Phillip Jacobs,Alive,Human,,Male
1247,Photography Cyborg,unknown,Robot,,Male
1248,Photography Raptor,Dead,Alien,"Parasite, Dinosaur",unknown
1249,Pibbles Bodyguard,Alive,Alien,Hairy alien,Male
1250,Pichael Thompson,Alive,Humanoid,Conjoined twin,Male
1251,Pickle Rick,Alive,unknown,Pickle,Male
1252,Piece of Toast,Alive,unknown,Bread,Genderless
1253,Plumber Rick,Alive,Human,,Male
1254,Poncho,Dead,Human,,Male
1255,Presidentress of The Mega Gargantuans,Alive,Humanoid,Mega Gargantuan,Female
1256,Prince Nebulon,Dead,Alien,Zigerion,Male
1257,Principal Vagina,Alive,Cronenberg,,Male
1258,Principal Vagina,Alive,Human,,Male
1259,Purge Planet Ruler,Dead,Alien,Cat-Person,Male
1260,Quantum Rick,unknown,Human,,Male
1261,Randy Dicknose,Alive,Human,,Male
1262,Rat Boss,Dead,Animal,Rat,unknown
1263,Real Fake Doors Salesman,Alive,Human,,Male
1264,Regional Manager Rick,Dead,Human,,Male
1265,Regular Legs,Alive,Human,,Male
1266,Reverse Giraffe,Dead,Alien,Parasite,Male
1267,Reverse Rick Outrage,Dead,Human,,Male
1268,Revolio Clockberg Jr.,unknown,Alien,Gear-Person,Male
1269,Rick D. Sanchez III,Dead,Human,,Male
1270,Rick Guilt Rick,unknown,Human,,Male
1271,Rick Prime,Dead,Human,,Male
1272,Rick D-99,Dead,Human,,Male
1273,Rick D716,Dead,Human,,Male
1274,Rick D716-B,Alive,Human,,Male
1275,Rick D716-C,Alive,Human,,Male
1276,Rick Sanchez,Dead,Human,,Male
1277,Rick J-22,Alive,Human,,Male
1278,Rick K-22,Alive,Human,,Male
1279,Rick Sanchez,Dead,Human,,Male
1280,Ricktiminus Sancheziminius,Dead,Human,,Male
1281,Riq IV,Dead,Human,,Male
1282,Risotto Groupon,Dead,Alien,Blue ape alien,Male
1283,Risotto's Tentacled Henchman,Dead,Alien,Tentacle alien,Male
1284,Robot Morty,unknown,Robot,,Male
1285,Robot Rick,unknown,Robot,,Male
1286,Roger,Dead,Human,,Male
1287,Ron Benson,Alive,Humanoid,Ring-nippled alien,Male
1288,Ruben,Dead,Human,,Male
1289,Samantha,Alive,Human,,Female
1290,Scary Brandon,Alive,Humanoid,Monster,Male
1291,Scary Glenn,Alive,Humanoid,Monster,Male
1292,Scary Terry,Alive,Humanoid,Monster,Male
1293,Scroopy Noopers,Alive,Alien,Plutonian,Male
1294,Scropon,unknown,Alien,Lobster-Alien,Male
1295,Scrotian,Alive,Animal,Scrotian,Male
1296,Self-Congratulatory Jerry,unknown,Mytholog,,Male
1297,Shimshamian,Alive,Alien,Shimshamian,Male
1298,Shlaammi,Alive,Alien,,unknown
1299,Shleemypants,Alive,unknown,Omniscient being,Male
1300,Shmlamantha Shmlicelli,Alive,Human,,Female
1301,Shmlangela Shmlobinson-Shmlower,Alive,Human,,Female
1302,Shmlona Shmlobinson,Alive,Human,,Female
1303,Shmlonathan Shmlower,Alive,Human,,Male
1304,Shmlony Shmlicelli,Alive,Human,,Male
1305,Shmooglite Runner,unknown,Alien,Animal,Male
1306,Shnoopy Bloopers,unknown,Alien,,Male
1307,Shrimply Pibbles,Alive,Alien,,Male
1308,Simple Rick,Dead,Human,,Male
1309,Slaveowner,Dead,Human,,Male
1310,Sleepy Gary,Dead,Alien,Parasite,Male
1311,Slick Morty,Dead,Human,,Male
1312,Slippery Stair,Alive,Animal,Slug,Male
1313,Slow Mobius,Alive,Humanoid,,Male
1314,Slow Rick,Alive,Human,,Male
1315,Snuffles (Snowball),Alive,Animal,Intelligent dog,Male
1316,Solicitor Rick,unknown,Human,,Male
1317,Squanchy,unknown,Alien,Cat-like creature,Male
1318,Stacy,Alive,Human,,Female
1319,Stair Goblin,Alive,Alien,Stair goblin,Genderless
1320,Stealy,Alive,Poopybutthole,,Male
1321,Steve,Alive,Human,,Male
1322,Steven Phillips,Alive,Alien,Unknown-nippled alien,Male
1323,Stu,Dead,Alien,Zigerion,Male
1324,Summer Smith,Alive,Human,,Female
1325,Summer Smith,Alive,Human,,Female
1326,Supernova,Alive,Human,Superhuman,Female
1327,Taddy Mason,Alive,Human,,Male
1328,Taint Washer,Alive,Human,,Male
1329,Tammy Guetermann,Alive,Cronenberg,,Male
1330,Tammy Guetermann,Alive,Human,,Female
1331,Teacher Rick,Alive,Human,,Male
1332,Terry,unknown,Human,,Male
1333,The President,Alive,Human,,Male
1334,The President of the Miniverse,Dead,Humanoid,Miniverse inhabitant,Male
1335,The Scientist Formerly Known as Rick,Dead,Human,,Male
1336,Thomas Lipkip,unknown,Human,,Male
1337,Three Unknown Things,Alive,Alien,,unknown
1338,Tinkles,Dead,Alien,"Parasite, Unicorn lamb",Female
1339,Tiny Rick,Dead,Human,Clone,Male
1340,Toby Matthews,Alive,Human,,Male
1341,Todd Crystal,Alive,Alien,Unknown-nippled alien,Male
1342,Tom Randolph,Alive,Human,,Male
1343,Tommy's Clone,Alive,Human,Clone,Male
1344,Tophat Jones,Dead,Humanoid,Leprechaun,Male
1345,Tortured Morty,unknown,Human,,Male
1346,Toxic Morty,Dead,Humanoid,Morty's toxic side,Male
1347,Toxic Rick,Dead,Humanoid,Rick's toxic side,Male
1348,Traflorkian,Alive,Alien,Traflorkian,unknown
1349,Trandor,Alive,Alien,Krootabulan,Male
1350,Tree Person,Dead,Humanoid,Teenyverse inhabitant,unknown
1351,Tricia Lange,Alive,Human,,Female
1352,Trunk Morty,Alive,Humanoid,Trunk-Person,Male
1353,Trunk Man,Alive,Humanoid,Trunk-Person,Male
1354,Truth Tortoise,unknown,Animal,Omniscient being,Male
1355,Tusked Assassin,unknown,Alien,Tuskfish,Male
1356,Two Guys with Handlebar Mustaches,Alive,Human,,Male
1357,Tumblorkian,Alive,Alien,Tumblorkian,Male
1358,Unity,Alive,Alien,Hivemind,Genderless
1359,Unmuscular Michael,Alive,Human,,Male
1360,Vampire Master,Alive,Vampire,,Male
1361,Vance Maximus,Dead,Human,,Male
1362,Veronica Ann Bennet,Alive,Alien,Gazorpian,Female
1363,Voltematron,Dead,Alien,Parasite,unknown
1364,Wall Crawling Rick,unknown,Humanoid,Lizard-Person,Male
1365,Wedding Bartender,unknown,Alien,,Male
1366,Weird Rick,unknown,Human,,Male
1367,Woman Rick,Alive,Alien,Chair,Female
1368,Worldender,Dead,Alien,,Male
1369,Yaarb,Alive,Alien,,Male
1370,Yellow Headed Doctor,Alive,Alien,,Male
1371,Yellow Shirt Rick,unknown,Human,,Male
1372,Zarbadar Gloonch,Dead,Alien,Drumbloxian,Female
1373,Zarbadar's Mytholog,unknown,Mytholog,,Female
1374,Zeep Xanflorp,Alive,Humanoid,Microverse inhabitant,Male
1375,Zeta Alpha Rick,Dead,Human,,Male
1376,Zick Zack,Dead,Alien,Floop Floopian,Male
1377,Uncle Steve,Dead,Alien,Parasite,Male
1378,Bearded Morty,Alive,Human,,Male
1379,Roy,Alive,Human,Game,Male
1380,Davin,Dead,Cronenberg,,Male
1381,Greebybobe,Alive,Alien,Greebybobe,unknown
1382,Scary Teacher,Alive,Humanoid,Monster,Male
1383,Fido,Alive,Animal,Dog,Male
1384,Accountant dog,Alive,Animal,Dog,Male
1385,Tiny-persons advocacy group lawyer,Alive,Humanoid,Giant,Male
1386,Giant Judge,Alive,Humanoid,Giant,Male
1387,Morty Jr's interviewer,Alive,Human,,Male
1388,Guy from The Bachelor,Alive,Human,,Male
1389,Corn detective,Dead,Humanoid,Corn-person,Male
1390,Michael Jackson,Alive,Humanoid,Phone-Person,Male
1391,Trunkphobic suspenders guy,Alive,Human,,Male
1392,Spiderweb teddy bear,Alive,Animal,Teddy Bear,unknown
1393,Regular Tyrion Lannister,Alive,Human,,Male
1394,Quick Mistery Presenter,Alive,Human,,Male
1395,Mr. Sneezy,Alive,Human,Little Human,Male
1396,Two Brothers,Alive,Human,,Male
1397,Alien Mexican Armada,unknown,Alien,Mexican,Male
1398,Giant Cat Monster,unknown,Animal,Giant Cat Monster,unknown
1399,Old Women,unknown,Human,Old Amazons,Female
1400,Trunkphobic guy,Alive,Human,,Male
1401,Pro trunk people marriage guy,Alive,Human,,Male
1402,Muscular Mannie,Alive,Human,Mannie,Male
1403,Baby Legs Chief,Alive,Human,,Male
1404,Mrs. Sullivan's Boyfriend,Alive,Human,Necrophiliac,Male
1405,Plutonian Hostess,Alive,Alien,Plutonian,Female
1406,Plutonian Host,Alive,Alien,Plutonian,Male
1407,Rich Plutonian,Alive,Alien,Plutonian,Female
1408,Rich Plutonian,Alive,Alien,Plutonian,Male
1409,Synthetic Laser Eels,Alive,Animal,Eel,unknown
1410,Pizza-person,Alive,Humanoid,Pizza,Male
1411,Pizza-person,Alive,Humanoid,Pizza,Male
1412,Greasy Grandma,Alive,Human,Grandma,Female
1413,Phone-person,Alive,Humanoid,Phone,Male
1414,Phone-person,Alive,Humanoid,Phone,Male
1415,Chair-person,Alive,Humanoid,Chair,Male
1416,Chair-person,Alive,Humanoid,Chair,Male
1417,Chair-homeless,Alive,Humanoid,Chair,Male
1418,Chair-waiter,Alive,Humanoid,Chair,Male
1419,Doopidoo,Alive,Animal,Doopidoo,unknown
1420,Super Weird Rick,unknown,Human,,Male
1421,Pripudlian,Alive,Alien,Pripudlian,unknown
1422,Giant Testicle Monster,Alive,Animal,Monster,unknown
1423,Michael,Alive,Human,,Male
1424,Michael's Lawyer,Alive,Human,,Male
1425,Veterinary,Alive,Human,,Female
1426,Veterinary Nurse,Alive,Human,,Male
1427,Bearded Jerry,Alive,Human,,Male
1428,Shaved Head Jerry,Alive,Human,,Male
1429,Tank Top Jerry,Alive,Human,,Male
1430,Pink Polo Shirt Jerry,Alive,Human,,Male
1431,Jerryboree Keeper,Alive,Alien,,Female
1432,Jerryboree Receptionist,Alive,Alien,,Male
1433,Anchor Gear,Alive,Alien,Gear-Person,Male
1434,Gear Cop,Dead,Alien,Gear-Person,Male
1435,Roy's Mum,Alive,Human,Game,Female
1436,Roy's Wife,Alive,Human,Game,Male
1437,Roy's Son,Alive,Human,Game,Male
1438,Simon,Alive,Human,,Male
1439,Vampire Master's Assistant,Alive,Vampire,,Male
1440,Arbolian Mentirososian,Alive,Alien,,unknown
1441,St. Gloopy Noops Nurse,Alive,Alien,,Female
1442,Nano Doctor,Alive,Alien,Nano Alien,Male
1443,Funny Songs Presenter,Alive,Human,,Male
1444,Tax Attorney,unknown,Human,,Male
1445,Butthole Ice Cream Guy,Alive,Alien,,Male
1446,Traflorkian Journalist,Alive,Alien,Traflorkian,Male
1447,Communication's Responsible Rick,Dead,Human,,Male
1448,Teleportation's Responsible Rick,unknown,Human,,Male
1449,SEAL Team Rick,Dead,Human,,Male
1450,SEAL Team Rick,Dead,Human,,Male
1451,SEAL Team Rick,Dead,Human,,Male
1452,SEAL Team Rick,Dead,Human,,Male
1453,Morphizer-XE Customer Support,Alive,Alien,,Male
1454,Morphizer-XE Customer Support,Alive,Alien,,Male
1455,Morphizer-XE Customer Support,unknown,Alien,,Male
1456,Alien Spa Employee,Alive,Alien,,Male
1457,Little Voltron,Alive,Robot,,Genderless
1458,Baby Rick,Alive,Human,Clone,Male
1459,Bartender Morty,Alive,Human,,Male
1460,Dancer Cowboy Morty,Alive,Human,,Male
1461,Dancer Morty,Alive,Human,,Male
1462,Flower Morty,Alive,Human,Human with a flower in his head,Male
1463,Hairdresser Rick,Alive,Human,,Male
1464,Journalist Rick,Alive,Human,,Male
1465,Private Sector Rick,Dead,Human,,Male
1466,Purple Morty,Alive,Alien,,Male
1467,Retired General Rick,unknown,Human,,Male
1468,Secret Service Rick,Alive,Human,,Male
1469,Steve Jobs Rick,Alive,Human,,Male
1470,Sheik Rick,Dead,Human,,Male
1471,Modern Rick,Alive,Human,,Male
1472,Tan Rick,Dead,Human,,Male
1473,Visor Rick,Dead,Human,,Male
1474,Colonial Rick,Dead,Human,,Male
1475,P-Coat Rick,Dead,Human,,Male
1476,Chang,Alive,Human,,Male
1477,Dr. Eleanor Arroway,Alive,Human,,Female
1478,Varrix,Alive,Alien,,unknown
1479,Secretary of the Interior,Alive,Human,,Male
1480,Rick Sanchez,Alive,Human,,Male
1481,Morty Smith,Alive,Human,,Male
1482,Summer Smith,Alive,Human,,Female
1483,Beth Smith,Alive,Human,,Female
1484,Jerry Smith,Alive,Human,,Male
1485,Abadango Cluster Princess,Alive,Alien,,Female
1486,Abradolf Lincler,unknown,Human,Genetic experiment,Male
1487,Adjudicator Rick,Dead,Human,,Male
1488,Agency Director,Dead,Human,,Male
1489,Alan Rails,Dead,Human,Superhuman (Ghost trains summoner),Male
1490,Albert Einstein,Dead,Human,,Male
1491,Alexander,Dead,Human,,Male
1492,Alien Googah,unknown,Alien,,unknown
1493,Alien Morty,unknown,Alien,,Male
1494,Alien Rick,unknown,Alien,,Male
1495,Amish Cyborg,Dead,Alien,"Parasite, Cyborg",Male
1496,Annie,Alive,Human,,Female
1497,Antenna Morty,Alive,Human,Human with antennae,Male
1498,Antenna Rick,unknown,Human,Human with antennae,Male
1499,Ants in my Eyes Johnson,unknown,Human,Human with ants in his eyes,Male
1500,Aqua Morty,unknown,Humanoid,Fish-Person,Male
1501,Aqua Rick,unknown,Humanoid,Fish-Person,Male
1502,Arcade Alien,unknown,Alien,,Male
1503,Armagheadon,Alive,Alien,Cromulon,Male
1504,Armothy,Dead,unknown,Self-aware arm,Male
1505,Arthricia,Alive,Alien,Cat-Person,Female
1506,Artist Morty,Alive,Human,,Male
1507,Attila Starwar,Alive,Human,,Male
1508,Baby Legs,Alive,Human,Human with baby legs,Male
1509,Baby Poopybutthole,Alive,Poopybutthole,,Male
1510,Baby Wizard,Dead,Alien,Parasite,Male
1511,Bearded Lady,Dead,Alien,Parasite,Female
1512,Beebo,Dead,Alien,,Male
1513,Benjamin,Alive,Poopybutthole,,Male
1514,Bepisian,Alive,Alien,Bepisian,unknown
1515,Beta-Seven,Alive,Alien,Hivemind,unknown
1516,Beth Sanchez,Alive,Human,,Female
1517,Beth Smith,Alive,Human,,Female
1518,Beth Smith,Alive,Human,,Female
1519,Beth's Mytholog,Dead,Mytholog,,Female
1520,Big Boobed Waitress,Alive,Humanoid,,Female
1521,Big Head Morty,unknown,Human,Human with giant head,Male
1522,Big Morty,Dead,Human,,Male
1523,Body Guard Morty,Dead,Human,,Male
1524,Bill,Alive,Human,,Male
1525,Bill,unknown,Animal,Dog,Male
1526,Birdperson,Dead,Alien,Bird-Person,Male
1527,Black Rick,Alive,Human,,Male
1528,Blamph,Alive,Alien,,unknown
1529,Blim Blam,Alive,Alien,Korblock,Male
1530,Blue Diplomat,Alive,Alien,,Male
1531,Blue Footprint Guy,Dead,Human,,Male
1532,Blue Shirt Morty,unknown,Human,,Male
1533,Bobby Moynihan,Alive,Human,,Male
1534,Boobloosian,Dead,Alien,Boobloosian,unknown
1535,Bootleg Portal Chemist Rick,Dead,Human,,Male
1536,Borpocian,Alive,Alien,Elephant-Person,Male
1537,Brad,Alive,Human,,Male
1538,Brad Anderson,Dead,Human,,Male
1539,Calypso,Dead,Human,Superhuman,Female
1540,Campaign Manager Morty,Dead,Human,,Male
1541,Canklanker Thom,Dead,Alien,Gromflomite,Male
1542,Centaur,Alive,Humanoid,Centaur,Male
1543,Chris,Dead,Alien,Organic gun,unknown
1544,Chris,Alive,Humanoid,Microverse inhabitant,Male
1545,Coach Feratu (Balik Alistane),Dead,Vampire,,Male
1546,Collector,Alive,Alien,Light bulb-Alien,Male
1547,Colossus,Dead,Human,,Male
1548,Commander Rick,Dead,Human,,Male
1549,Concerto,Dead,Humanoid,,Male
1550,Conroy,Dead,Robot,,unknown
1551,Cool Rick,Alive,Human,,Male
1552,Cop Morty,Dead,Human,,Male
1553,Cop Rick,Alive,Human,,Male
1554,Courier Flap,Alive,Alien,,unknown
1555,Cousin Nicky,Dead,Alien,Parasite,Male
1556,Cowboy Morty,Alive,Human,,Male
1557,Cowboy Rick,Alive,Human,,Male
1558,Crab Spider,Alive,Alien,Animal,unknown
1559,Creepy Little Girl,Alive,Human,,Female
1560,Crocubot,Dead,Humanoid,Robot-Crocodile hybrid,Male
1561,Cronenberg Rick,unknown,Cronenberg,,Male
1562,Cronenberg Morty,unknown,Cronenberg,,Male
1563,Cult Leader Morty,Alive,Human,,Male
1564,Cyclops Morty,Alive,Humanoid,,Male
1565,Cyclops Rick,Dead,Humanoid,,Male
1566,Cynthia,Dead,Alien,Zigerion,Female
1567,Cynthia,Alive,Human,,Female
1568,Dale,Dead,Humanoid,Giant,Male
1569,Daron Jefferson,Alive,Alien,Cone-nippled alien,Male
1570,David Letterman,Alive,Human,,Male
1571,Davin,Dead,Human,,Male
1572,Diablo Verde,Dead,Humanoid,Demon,Male
1573,Diane Sanchez,unknown,Human,,Female
1574,Dipper and Mabel Mortys,unknown,Human,,unknown
1575,Tuberculosis,Dead,Disease,,unknown
1576,Gonorrhea,Dead,Disease,,unknown
1577,Hepatitis A,Dead,Disease,,unknown
1578,Hepatitis C,Dead,Disease,,unknown
1579,Bubonic Plague,Dead,Disease,,unknown
1580,E. Coli,Dead,Disease,,unknown
1581,Donna Gueterman,Dead,Robot,,Female
1582,Doofus Rick,unknown,Human,,Male
1583,Doom-Nomitron,Dead,Alien,Shapeshifter,unknown
1584,Dr. Glip-Glop,Dead,Alien,,Male
1585,Dr. Schmidt,unknown,Human,Game,Male
1586,Dr. Wong,Alive,Human,,Female
1587,Dr. Xenon Bloom,Dead,Humanoid,Amoeba-Person,Male
1588,Duck With Muscles,Dead,Parasite,Alien,Male
1589,Eli,Alive,Human,,Male
1590,Eli's Girlfriend,Alive,Human,,Female
1591,Eric McMan,Alive,Human,,Male
1592,Eric Stoltz Mask Morty,unknown,Human,,Male
1593,Ethan,unknown,Human,Cronenberg,Male
1594,Ethan,Alive,Human,,Male
1595,Evil Beth Clone,Dead,Human,Clone,Female
1596,Evil Jerry Clone,Dead,Human,Clone,Male
1597,Evil Morty,Alive,Human,,Male
1598,Evil Rick,Dead,Humanoid,Robot,Male
1599,Evil Summer Clone,Dead,Human,Clone,Female
1600,Eyehole Man,Alive,Alien,,Male
1601,Fart,Dead,Alien,Interdimensional gaseous being,Male
1602,Fat Morty,Alive,Human,,Male
1603,Father Bob,Alive,Human,,Male
1604,Flansian,Alive,Alien,Flansian,unknown
1605,Fleeb,unknown,Alien,,unknown
1606,Frank Palicky,Dead,Human,,Male
1607,Frankenstein's Monster,Dead,Alien,Parasite,Male
1608,Fulgora,Alive,Human,,Female
1609,Galactic Federation President,Dead,Alien,Gromflomite,Male
1610,Gar Gloonch,Dead,Alien,Zombodian,Male
1611,Gar's Mytholog,Dead,Mytholog,,Male
1612,Garblovian,Alive,Alien,Garblovian,Male
1613,Garmanarnar,Alive,Alien,,Male
1614,Garment District Rick,Dead,Human,,Male
1615,Gazorpazorpfield,Alive,Alien,Gazorpian,Male
1616,Gene,Alive,Human,,Male
1617,General Nathan,Dead,Human,,Male
1618,General Store Owner,Dead,Alien,Cat-Person,Male
1619,Genital Washer,Alive,Human,,Male
1620,Ghost in a Jar,Dead,Alien,"Parasite, Ghost",Genderless
1621,Gibble Snake,Dead,Alien,Animal,unknown
1622,Glasses Morty,Alive,Human,,Male
1623,Glenn,Dead,Alien,Gromflomite,Male
1624,Glenn,Alive,Human,Eat shiter-Person,Male
1625,Glexo Slim Slom,Alive,Alien,,Male
1626,Gobo,Dead,Alien,,Male
1627,Goddess Beth,unknown,Mytholog,,Female
1628,Gordon Lunas,Dead,Human,,Male
1629,Cornvelious Daniel,Dead,Alien,Gromflomite,Male
1630,Gwendolyn,unknown,Robot,Gazorpian reproduction robot,Female
1631,Hammerhead Morty,unknown,Humanoid,Hammerhead-Person,Male
1632,Hamster In Butt,Alive,Animal,,unknown
1633,Hamurai,Dead,Alien,Parasite,Male
1634,Harold,Alive,Cronenberg,,Male
1635,Hemorrhage,Alive,Human,,Male
1636,Hole in the Wall Where the Men Can See it All,unknown,unknown,Hole,Genderless
1637,Hookah Alien,Alive,Alien,Tuskfish,unknown
1638,Hunter,Dead,Human,Clone,Male
1639,Hunter's Father,Alive,Human,,Male
1640,Hydrogen-F,Alive,Alien,Alphabetrian,Female
1641,Ice-T,Alive,Alien,Alphabetrian,Male
1642,Ideal Jerry,Dead,Mytholog,,Male
1643,Insurance Rick,unknown,Human,,Male
1644,Investigator Rick,Dead,Human,,Male
1645,Invisi-trooper,Alive,Human,,Male
1646,Izzy,Alive,Animal,Cat,unknown
1647,Jackie,Alive,Alien,Gazorpian,Female
1648,Jacob,Alive,Human,,Male
1649,Jacqueline,Alive,Human,,Female
1650,Jaguar,Alive,Human,,Male
1651,Jamey,Alive,Human,,Male
1652,Jan-Michael Vincent,Alive,Human,,Male
1653,Jerry 5-126,Alive,Human,,Male
1654,Jerry Smith,Alive,Human,,Male
1655,Celebrity Jerry,Alive,Human,,Male
1656,Jerry Smith,Alive,Human,,Male
1657,Jerry's Mytholog,Dead,Mytholog,,Male
1658,Jessica,Alive,Cronenberg,,Female
1659,Jessica,Alive,Human,,Female
1660,Jessica's Friend,Alive,Human,,Female
1661,Jim,Alive,Human,,Male
1662,Johnny Depp,Alive,Human,,Male
1663,Jon,Alive,Alien,Gazorpian,Male
1664,Joseph Eli Lipkip,Alive,Human,,Male
1665,Joyce Smith,Alive,Human,,Female
1666,Juggling Rick,unknown,Human,,Male
1667,Karen Entity,Alive,Alien,Unknown-nippled alien,Female
1668,Katarina,Dead,Human,,Female
1669,Keara,Alive,Alien,Krootabulan,Female
1670,Kevin,Dead,Alien,Zigerion,Male
1671,King Flippy Nips,Alive,Alien,Plutonian,Male
1672,King Jellybean,Dead,Alien,Jellybean,Male
1673,Kozbian,Alive,Alien,Tentacle alien,unknown
1674,Kristen Stewart,Alive,Human,,Female
1675,Krombopulos Michael,Dead,Alien,Gromflomite,Male
1676,Kyle,Dead,Humanoid,Miniverse inhabitant,Male
1677,Lady Katana,Dead,Humanoid,Cyborg,Female
1678,Larva Alien,Alive,Alien,Larva alien,unknown
1679,Lawyer Morty,unknown,Human,,Male
1680,Leonard Smith,Alive,Human,,Male
1681,Lighthouse Keeper,Dead,Alien,Cat-Person,Male
1682,Lil B,Dead,Alien,Snail alien,Male
1683,Lisa,Dead,Alien,,Female
1684,Little Dipper,Alive,Humanoid,Tinymouth,Male
1685,Lizard Morty,Alive,Humanoid,Lizard-Person,Male
1686,Loggins,Alive,Alien,Alligator-Person,Male
1687,Logic,Alive,Human,,Male
1688,Long Sleeved Morty,unknown,Human,,Male
1689,Lucy,Dead,Human,,Female
1690,Ma-Sha,Alive,Alien,Gazorpian,Female
1691,Magma-Q,Dead,Alien,Alphabetrian,Male
1692,Magnesium-J,Alive,Alien,Alphabetrian,Male
1693,Man Painted Silver Who Makes Robot Noises,Alive,Human,,Male
1694,Maximums Rickimus,Dead,Human,,Male
1695,MC Haps,Alive,Human,,Male
1696,Mechanical Morty,Dead,Robot,,Male
1697,Mechanical Rick,unknown,Robot,,Male
1698,Mechanical Summer,unknown,Robot,,Female
1699,Mega Fruit Farmer Rick,Alive,Human,,Male
1700,Melissa,Alive,Humanoid,Monster,Female
1701,Michael Denny and the Denny Singers,Alive,Human,,Male
1702,Michael Jenkins,Dead,Human,,Male
1703,Michael McLick,Alive,Human,,Male
1704,Michael Thompson,Alive,Humanoid,Conjoined twin,Male
1705,Million Ants,Dead,Animal,Sentient ant colony,Male
1706,Mitch,Alive,Human,,Male
1707,Mohawk Guy,Dead,Human,,Male
1708,Morty Mart Manager Morty,Alive,Human,,Male
1709,Morty Jr.,Alive,Humanoid,Human Gazorpian,Male
1710,Morty Rick,unknown,Human,,Male
1711,Morty Smith,Alive,Human,,Male
1712,Morty K-22,Alive,Human,,Male
1713,Morty Smith,Dead,Human,,Male
1714,Mortytown Loco,Dead,Human,,Male
1715,Mr. Beauregard,Dead,Alien,Parasite,Male
1716,Mr. Benson,Alive,Human,,Male
1717,Mr. Booby Buyer,Alive,Animal,Boobie buyer reptilian,Male
1718,Mr. Goldenfold,Alive,Cronenberg,,Male
1719,Mr. Goldenfold,Alive,Human,,Male
1720,Mr. Marklovitz,Alive,Human,,Male
1721,Mr. Meeseeks,unknown,Humanoid,Meeseeks,Male
1722,Mr. Needful,Alive,Humanoid,The Devil,Male
1723,Mr. Poopybutthole,Alive,Poopybutthole,,Male
1724,Mrs. Lipkip,Alive,Human,,Female
1725,Mrs. Pancakes,Alive,Human,,Female
1726,Mrs. Poopybutthole,Alive,Poopybutthole,,Female
1727,Mrs. Refrigerator,Dead,Alien,"Parasite, Refrigerator",Female
1728,Mrs. Sanchez,unknown,Human,,Female
1729,Mrs. Sullivan,Dead,Human,Cat controlled dead lady,Female
1730,Nancy,Alive,Human,,Female
1731,Noob-Noob,Alive,Poopybutthole,,Male
1732,Numbericon,unknown,Alien,Numbericon,unknown
1733,Octopus Man,Alive,Humanoid,Octopus-Person,Male
1734,Orthodox Jew,Alive,Human,,Male
1735,Pat Gueterman,Dead,Robot,,Male
1736,Paul Fleishman,Alive,Human,,Male
1737,Pawnshop Clerk,Alive,Alien,,Male
1738,Pencilvester,Dead,Alien,"Parasite, Pencil",Male
1739,Phillip Jacobs,Alive,Human,,Male
1740,Photography Cyborg,unknown,Robot,,Male
1741,Photography Raptor,Dead,Alien,"Parasite, Dinosaur",unknown
1742,Pibbles Bodyguard,Alive,Alien,Hairy alien,Male
1743,Pichael Thompson,Alive,Humanoid,Conjoined twin,Male
1744,Pickle Rick,Alive,unknown,Pickle,Male
1745,Piece of Toast,Alive,unknown,Bread,Genderless
1746,Plumber Rick,Alive,Human,,Male
1747,Poncho,Dead,Human,,Male
1748,Presidentress of The Mega Gargantuans,Alive,Humanoid,Mega Gargantuan,Female
1749,Prince Nebulon,Dead,Alien,Zigerion,Male
1750,Principal Vagina,Alive,Cronenberg,,Male
1751,Principal Vagina,Alive,Human,,Male
1752,Purge Planet Ruler,Dead,Alien,Cat-Person,Male
1753,Quantum Rick,unknown,Human,,Male
1754,Randy Dicknose,Alive,Human,,Male
1755,Rat Boss,Dead,Animal,Rat,unknown
1756,Real Fake Doors Salesman,Alive,Human,,Male
1757,Regional Manager Rick,Dead,Human,,Male
1758,Regular Legs,Alive,Human,,Male
1759,Reverse Giraffe,Dead,Alien,Parasite,Male
1760,Reverse Rick Outrage,Dead,Human,,Male
1761,Revolio Clockberg Jr.,unknown,Alien,Gear-Person,Male
1762,Rick D. Sanchez III,Dead,Human,,Male
1763,Rick Guilt Rick,unknown,Human,,Male
1764,Rick Prime,Dead,Human,,Male
1765,Rick D-99,Dead,Human,,Male
1766,Rick D716,Dead,Human,,Male
1767,Rick D716-B,Alive,Human,,Male
1768,Rick D716-C,Alive,Human,,Male
1769,Rick Sanchez,Dead,Human,,Male
1770,Rick J-22,Alive,Human,,Male
1771,Rick K-22,Alive,Human,,Male
1772,Rick Sanchez,Dead,Human,,Male
1773,Ricktiminus Sancheziminius,Dead,Human,,Male
1774,Riq IV,Dead,Human,,Male
1775,Risotto Groupon,Dead,Alien,Blue ape alien,Male
1776,Risotto's Tentacled Henchman,Dead,Alien,Tentacle alien,Male
1777,Robot Morty,unknown,Robot,,Male
1778,Robot Rick,unknown,Robot,,Male
1779,Roger,Dead,Human,,Male
1780,Ron Benson,Alive,Humanoid,Ring-nippled alien,Male
1781,Ruben,Dead,Human,,Male
1782,Samantha,Alive,Human,,Female
1783,Scary Brandon,Alive,Humanoid,Monster,Male
1784,Scary Glenn,Alive,Humanoid,Monster,Male
1785,Scary Terry,Alive,Humanoid,Monster,Male
1786,Scroopy Noopers,Alive,Alien,Plutonian,Male
1787,Scropon,unknown,Alien,Lobster-Alien,Male
1788,Scrotian,Alive,Animal,Scrotian,Male
1789,Self-Congratulatory Jerry,unknown,Mytholog,,Male
1790,Shimshamian,Alive,Alien,Shimshamian,Male
1791,Shlaammi,Alive,Alien,,unknown
1792,Shleemypants,Alive,unknown,Omniscient being,Male
1793,Shmlamantha Shmlicelli,Alive,Human,,Female
1794,Shmlangela Shmlobinson-Shmlower,Alive,Human,,Female
1795,Shmlona Shmlobinson,Alive,Human,,Female
1796,Shmlonathan Shmlower,Alive,Human,,Male
1797,Shmlony Shmlicelli,Alive,Human,,Male
1798,Shmooglite Runner,unknown,Alien,Animal,Male
1799,Shnoopy Bloopers,unknown,Alien,,Male
1800,Shrimply Pibbles,Alive,Alien,,Male
1801,Simple Rick,Dead,Human,,Male
1802,Slaveowner,Dead,Human,,Male
1803,Sleepy Gary,Dead,Alien,Parasite,Male
1804,Slick Morty,Dead,Human,,Male
1805,Slippery Stair,Alive,Animal,Slug,Male
1806,Slow Mobius,Alive,Humanoid,,Male
1807,Slow Rick,Alive,Human,,Male
1808,Snuffles (Snowball),Alive,Animal,Intelligent dog,Male
1809,Solicitor Rick,unknown,Human,,Male
1810,Squanchy,unknown,Alien,Cat-like creature,Male
1811,Stacy,Alive,Human,,Female
1812,Stair Goblin,Alive,Alien,Stair goblin,Genderless
1813,Stealy,Alive,Poopybutthole,,Male
1814,Steve,Alive,Human,,Male
1815,Steven Phillips,Alive,Alien,Unknown-nippled alien,Male
1816,Stu,Dead,Alien,Zigerion,Male
1817,Summer Smith,Alive,Human,,Female
1818,Summer Smith,Alive,Human,,Female
1819,Supernova,Alive,Human,Superhuman,Female
1820,Taddy Mason,Alive,Human,,Male
1821,Taint Washer,Alive,Human,,Male
1822,Tammy Guetermann,Alive,Cronenberg,,Male
1823,Tammy Guetermann,Alive,Human,,Female
1824,Teacher Rick,Alive,Human,,Male
1825,Terry,unknown,Human,,Male
1826,The President,Alive,Human,,Male
1827,The President of the Miniverse,Dead,Humanoid,Miniverse inhabitant,Male
1828,The Scientist Formerly Known as Rick,Dead,Human,,Male
1829,Thomas Lipkip,unknown,Human,,Male
1830,Three Unknown Things,Alive,Alien,,unknown
1831,Tinkles,Dead,Alien,"Parasite, Unicorn lamb",Female
1832,Tiny Rick,Dead,Human,Clone,Male
1833,Toby Matthews,Alive,Human,,Male
1834,Todd Crystal,Alive,Alien,Unknown-nippled alien,Male
1835,Tom Randolph,Alive,Human,,Male
1836,Tommy's Clone,Alive,Human,Clone,Male
1837,Tophat Jones,Dead,Humanoid,Leprechaun,Male
1838,Tortured Morty,unknown,Human,,Male
1839,Toxic Morty,Dead,Humanoid,Morty's toxic side,Male
1840,Toxic Rick,Dead,Humanoid,Rick's toxic side,Male
1841,Traflorkian,Alive,Alien,Traflorkian,unknown
1842,Trandor,Alive,Alien,Krootabulan,Male
1843,Tree Person,Dead,Humanoid,Teenyverse inhabitant,unknown
1844,Tricia Lange,Alive,Human,,Female
1845,Trunk Morty,Alive,Humanoid,Trunk-Person,Male
1846,Trunk Man,Alive,Humanoid,Trunk-Person,Male
1847,Truth Tortoise,unknown,Animal,Omniscient being,Male
1848,Tusked Assassin,unknown,Alien,Tuskfish,Male
1849,Two Guys with Handlebar Mustaches,Alive,Human,,Male
1850,Tumblorkian,Alive,Alien,Tumblorkian,Male
1851,Unity,Alive,Alien,Hivemind,Genderless
1852,Unmuscular Michael,Alive,Human,,Male
1853,Vampire Master,Alive,Vampire,,Male
1854,Vance Maximus,Dead,Human,,Male
1855,Veronica Ann Bennet,Alive,Alien,Gazorpian,Female
1856,Voltematron,Dead,Alien,Parasite,unknown
1857,Wall Crawling Rick,unknown,Humanoid,Lizard-Person,Male
1858,Wedding Bartender,unknown,Alien,,Male
1859,Weird Rick,unknown,Human,,Male
1860,Woman Rick,Alive,Alien,Chair,Female
1861,Worldender,Dead,Alien,,Male
1862,Yaarb,Alive,Alien,,Male
1863,Yellow Headed Doctor,Alive,Alien,,Male
1864,Yellow Shirt Rick,unknown,Human,,Male
1865,Zarbadar Gloonch,Dead,Alien,Drumbloxian,Female
1866,Zarbadar's Mytholog,unknown,Mytholog,,Female
1867,Zeep Xanflorp,Alive,Humanoid,Microverse inhabitant,Male
1868,Zeta Alpha Rick,Dead,Human,,Male
1869,Zick Zack,Dead,Alien,Floop Floopian,Male
1870,Uncle Steve,Dead,Alien,Parasite,Male
1871,Bearded Morty,Alive,Human,,Male
1872,Roy,Alive,Human,Game,Male
1873,Davin,Dead,Cronenberg,,Male
1874,Greebybobe,Alive,Alien,Greebybobe,unknown
1875,Scary Teacher,Alive,Humanoid,Monster,Male
1876,Fido,Alive,Animal,Dog,Male
1877,Accountant dog,Alive,Animal,Dog,Male
1878,Tiny-persons advocacy group lawyer,Alive,Humanoid,Giant,Male
1879,Giant Judge,Alive,Humanoid,Giant,Male
1880,Morty Jr's interviewer,Alive,Human,,Male
1881,Guy from The Bachelor,Alive,Human,,Male
1882,Corn detective,Dead,Humanoid,Corn-person,Male
1883,Michael Jackson,Alive,Humanoid,Phone-Person,Male
1884,Trunkphobic suspenders guy,Alive,Human,,Male
1885,Spiderweb teddy bear,Alive,Animal,Teddy Bear,unknown
1886,Regular Tyrion Lannister,Alive,Human,,Male
1887,Quick Mistery Presenter,Alive,Human,,Male
1888,Mr. Sneezy,Alive,Human,Little Human,Male
1889,Two Brothers,Alive,Human,,Male
1890,Alien Mexican Armada,unknown,Alien,Mexican,Male
1891,Giant Cat Monster,unknown,Animal,Giant Cat Monster,unknown
1892,Old Women,unknown,Human,Old Amazons,Female
1893,Trunkphobic guy,Alive,Human,,Male
1894,Pro trunk people marriage guy,Alive,Human,,Male
1895,Muscular Mannie,Alive,Human,Mannie,Male
1896,Baby Legs Chief,Alive,Human,,Male
1897,Mrs. Sullivan's Boyfriend,Alive,Human,Necrophiliac,Male
1898,Plutonian Hostess,Alive,Alien,Plutonian,Female
1899,Plutonian Host,Alive,Alien,Plutonian,Male
1900,Rich Plutonian,Alive,Alien,Plutonian,Female
1901,Rich Plutonian,Alive,Alien,Plutonian,Male
1902,Synthetic Laser Eels,Alive,Animal,Eel,unknown
1903,Pizza-person,Alive,Humanoid,Pizza,Male
1904,Pizza-person,Alive,Humanoid,Pizza,Male
1905,Greasy Grandma,Alive,Human,Grandma,Female
1906,Phone-person,Alive,Humanoid,Phone,Male
1907,Phone-person,Alive,Humanoid,Phone,Male
1908,Chair-person,Alive,Humanoid,Chair,Male
1909,Chair-person,Alive,Humanoid,Chair,Male
1910,Chair-homeless,Alive,Humanoid,Chair,Male
1911,Chair-waiter,Alive,Humanoid,Chair,Male
1912,Doopidoo,Alive,Animal,Doopidoo,unknown
1913,Super Weird Rick,unknown,Human,,Male
1914,Pripudlian,Alive,Alien,Pripudlian,unknown
1915,Giant Testicle Monster,Alive,Animal,Monster,unknown
1916,Michael,Alive,Human,,Male
1917,Michael's Lawyer,Alive,Human,,Male
1918,Veterinary,Alive,Human,,Female
1919,Veterinary Nurse,Alive,Human,,Male
1920,Bearded Jerry,Alive,Human,,Male
1921,Shaved Head Jerry,Alive,Human,,Male
1922,Tank Top Jerry,Alive,Human,,Male
1923,Pink Polo Shirt Jerry,Alive,Human,,Male
1924,Jerryboree Keeper,Alive,Alien,,Female
1925,Jerryboree Receptionist,Alive,Alien,,Male
1926,Anchor Gear,Alive,Alien,Gear-Person,Male
1927,Gear Cop,Dead,Alien,Gear-Person,Male
1928,Roy's Mum,Alive,Human,Game,Female
1929,Roy's Wife,Alive,Human,Game,Male
1930,Roy's Son,Alive,Human,Game,Male
1931,Simon,Alive,Human,,Male
1932,Vampire Master's Assistant,Alive,Vampire,,Male
1933,Arbolian Mentirososian,Alive,Alien,,unknown
1934,St. Gloopy Noops Nurse,Alive,Alien,,Female
1935,Nano Doctor,Alive,Alien,Nano Alien,Male
1936,Funny Songs Presenter,Alive,Human,,Male
1937,Tax Attorney,unknown,Human,,Male
1938,Butthole Ice Cream Guy,Alive,Alien,,Male
1939,Traflorkian Journalist,Alive,Alien,Traflorkian,Male
1940,Communication's Responsible Rick,Dead,Human,,Male
1941,Teleportation's Responsible Rick,unknown,Human,,Male
1942,SEAL Team Rick,Dead,Human,,Male
1943,SEAL Team Rick,Dead,Human,,Male
1944,SEAL Team Rick,Dead,Human,,Male
1945,SEAL Team Rick,Dead,Human,,Male
1946,Morphizer-XE Customer Support,Alive,Alien,,Male
1947,Morphizer-XE Customer Support,Alive,Alien,,Male
1948,Morphizer-XE Customer Support,unknown,Alien,,Male
1949,Alien Spa Employee,Alive,Alien,,Male
1950,Little Voltron,Alive,Robot,,Genderless
1951,Baby Rick,Alive,Human,Clone,Male
1952,Bartender Morty,Alive,Human,,Male
1953,Dancer Cowboy Morty,Alive,Human,,Male
1954,Dancer Morty,Alive,Human,,Male
1955,Flower Morty,Alive,Human,Human with a flower in his head,Male
1956,Hairdresser Rick,Alive,Human,,Male
1957,Journalist Rick,Alive,Human,,Male
1958,Private Sector Rick,Dead,Human,,Male
1959,Purple Morty,Alive,Alien,,Male
1960,Retired General Rick,unknown,Human,,Male
1961,Secret Service Rick,Alive,Human,,Male
1962,Steve Jobs Rick,Alive,Human,,Male
1963,Sheik Rick,Dead,Human,,Male
1964,Modern Rick,Alive,Human,,Male
1965,Tan Rick,Dead,Human,,Male
1966,Visor Rick,Dead,Human,,Male
1967,Colonial Rick,Dead,Human,,Male
1968,P-Coat Rick,Dead,Human,,Male
1969,Chang,Alive,Human,,Male
1970,Dr. Eleanor Arroway,Alive,Human,,Female
1971,Varrix,Alive,Alien,,unknown
1972,Secretary of the Interior,Alive,Human,,Male